codigo;marca;nropiezas;diametro;largo;LargoReal;IdForma;Kgs;KgsReales;etiqueta;id;FechaDespacho;diaSemana;Producido;FechaProduccion;HoraProduccion;ProducidoEn;ProducidoPor;FechaDespacho1;HoraDespacho;NroGuiaInet;EsFactorCorreccion;TipoGuiaINET;tipoAcero;prioridad;Teorico_Menos1%;
ASR-244/1;TRABA 1;53;8;380;380;60;8;8; Tag #:  18  of  19;3589683;10/09/2026;Jueves;0;;;;;;;;N;Facturable;A630-420H;0;8;
ASR-244/1;TRABA 1;47;8;380;380;60;7;7; Tag #:  19  of  19;3589684;10/09/2026;Jueves;0;;;;;;;;N;Facturable;A630-420H;0;7;
BESP-19/1;trabas;46;8;270;270;102;5;5; Tag #:  61  of  66;3599446;08/09/2026;Martes;0;;;;;;;;N;Facturable;A630-420H;0;5;
BESP-19/1;trabas;46;8;270;270;102;5;5; Tag #:  62  of  66;3599447;08/09/2026;Martes;0;;;;;;;;N;Facturable;A630-420H;0;5;
BESP-19/1;trabas;46;8;270;270;102;5;5; Tag #:  63  of  66;3599448;08/09/2026;Martes;0;;;;;;;;N;Facturable;A630-420H;0;5;
BESP-19/1;trabas;46;8;270;270;102;5;5; Tag #:  64  of  66;3599449;08/09/2026;Martes;0;;;;;;;;N;Facturable;A630-420H;0;5;
BESP-19/1;trabas;46;8;270;270;102;5;5; Tag #:  65  of  66;3599450;08/09/2026;Martes;0;;;;;;;;N;Facturable;A630-420H;0;5;
BESP-19/1;trabas;4;8;270;270;102;0;0; Tag #:  66  of  66;3599451;08/09/2026;Martes;0;;;;;;;;N;Facturable;A630-420H;0;0;
CHSA-3/2;TRABAS e=25;52;8;330;330;60;7;7; Tag #:  80  of  83;3591846;07/09/2026;Lunes;1;21/08/2026;10:38:32;COIL 14;rcolumba;;;;N;Facturable;A630-420H;0;7;
CHSA-3/2;TRABAS e=25;52;8;330;330;60;7;7; Tag #:  81  of  83;3591847;07/09/2026;Lunes;1;21/08/2026;10:38:18;COIL 14;rcolumba;;;;N;Facturable;A630-420H;0;7;
CHSA-3/2;TRABAS e=25;46;8;330;330;60;6;6; Tag #:  82  of  83;3591848;07/09/2026;Lunes;1;21/08/2026;10:38:26;COIL 14;rcolumba;;;;N;Facturable;A630-420H;0;6;
CHSA-3/2;TRABAS e=30;25;8;380;380;60;4;4; Tag #:  83  of  83;3591849;07/09/2026;Lunes;1;21/08/2026;10:38:11;COIL 14;rcolumba;;;;N;Facturable;A630-420H;0;4;
ASR-233/1;15_h;49;10;520;520;60;16;16; Tag #:  20  of  34;3588282;11/09/2026;Viernes;0;;;;;;;;N;Facturable;A630-420H;0;16;
ASR-233/1;15_h;49;10;520;520;60;16;16; Tag #:  21  of  34;3588283;11/09/2026;Viernes;0;;;;;;;;N;Facturable;A630-420H;0;16;
ASR-233/1;15_h;49;10;520;520;60;16;16; Tag #:  22  of  34;3588284;11/09/2026;Viernes;0;;;;;;;;N;Facturable;A630-420H;0;16;
ASR-233/1;15_h;49;10;520;520;60;16;16; Tag #:  23  of  34;3588285;11/09/2026;Viernes;0;;;;;;;;N;Facturable;A630-420H;0;16;
ASR-233/1;15_h;49;10;520;520;60;16;16; Tag #:  24  of  34;3588286;11/09/2026;Viernes;0;;;;;;;;N;Facturable;A630-420H;0;16;
ASR-233/1;15_h;49;10;520;520;60;16;16; Tag #:  25  of  34;3588287;11/09/2026;Viernes;0;;;;;;;;N;Facturable;A630-420H;0;16;
ASR-233/1;15_h;49;10;520;520;60;16;16; Tag #:  26  of  34;3588288;11/09/2026;Viernes;0;;;;;;;;N;Facturable;A630-420H;0;16;
ASR-233/1;15_h;49;10;520;520;60;16;16; Tag #:  27  of  34;3588289;11/09/2026;Viernes;0;;;;;;;;N;Facturable;A630-420H;0;16;
ASR-233/1;15_h;49;10;520;520;60;16;16; Tag #:  28  of  34;3588290;11/09/2026;Viernes;0;;;;;;;;N;Facturable;A630-420H;0;16;
ASR-233/1;15_h;49;10;520;520;60;16;16; Tag #:  29  of  34;3588291;11/09/2026;Viernes;0;;;;;;;;N;Facturable;A630-420H;0;16;
ASR-233/1;15_h;10;10;520;520;60;3;3; Tag #:  30  of  34;3588292;11/09/2026;Viernes;0;;;;;;;;N;Facturable;A630-420H;0;3;
ASR-243/1;TRABAS;50;10;575;575;60;18;18; Tag #:  23  of  50;3589638;10/09/2026;Jueves;1;02/09/2026;00:31:35;Eura 16;dlopez;;;;N;Facturable;A630-420H;0;18;
ASR-243/1;TRABAS;50;10;575;575;60;18;18; Tag #:  24  of  50;3589639;10/09/2026;Jueves;1;02/09/2026;00:31:42;Eura 16;dlopez;;;;N;Facturable;A630-420H;0;18;
ASR-243/1;TRABAS;50;10;575;575;60;18;18; Tag #:  25  of  50;3589640;10/09/2026;Jueves;1;02/09/2026;00:31:49;Eura 16;dlopez;;;;N;Facturable;A630-420H;0;18;
ASR-243/1;TRABAS;50;10;575;575;60;18;18; Tag #:  26  of  50;3589641;10/09/2026;Jueves;1;02/09/2026;00:31:55;Eura 16;dlopez;;;;N;Facturable;A630-420H;0;18;
ASR-243/1;TRABAS;50;10;575;575;60;18;18; Tag #:  27  of  50;3589642;10/09/2026;Jueves;1;02/09/2026;00:32:43;Eura 16;dlopez;;;;N;Facturable;A630-420H;0;18;
ASR-243/1;TRABAS;50;10;575;575;60;18;18; Tag #:  28  of  50;3589643;10/09/2026;Jueves;1;02/09/2026;00:32:48;Eura 16;dlopez;;;;N;Facturable;A630-420H;0;18;
ASR-243/1;TRABAS;50;10;575;575;60;18;18; Tag #:  29  of  50;3589644;10/09/2026;Jueves;1;02/09/2026;00:32:55;Eura 16;dlopez;;;;N;Facturable;A630-420H;0;18;
ASR-243/1;TRABAS;50;10;575;575;60;18;18; Tag #:  30  of  50;3589645;10/09/2026;Jueves;1;02/09/2026;00:33:00;Eura 16;dlopez;;;;N;Facturable;A630-420H;0;18;
ASR-243/1;TRABAS;50;10;575;575;60;18;18; Tag #:  31  of  50;3589646;10/09/2026;Jueves;1;02/09/2026;02:55:21;Eura 16;dlopez;;;;N;Facturable;A630-420H;0;18;
ASR-243/1;TRABAS;50;10;575;575;60;18;18; Tag #:  32  of  50;3589647;10/09/2026;Jueves;1;02/09/2026;02:55:26;Eura 16;dlopez;;;;N;Facturable;A630-420H;0;18;
ASR-243/1;TRABAS;50;10;575;575;60;18;18; Tag #:  33  of  50;3589648;10/09/2026;Jueves;1;02/09/2026;02:55:31;Eura 16;dlopez;;;;N;Facturable;A630-420H;0;18;
ASR-243/1;TRABAS;50;10;575;575;60;18;18; Tag #:  34  of  50;3589649;10/09/2026;Jueves;1;02/09/2026;02:55:36;Eura 16;dlopez;;;;N;Facturable;A630-420H;0;18;
ASR-243/1;TRABAS;50;10;575;575;60;18;18; Tag #:  35  of  50;3589650;10/09/2026;Jueves;1;02/09/2026;03:32:00;Eura 16;dlopez;;;;N;Facturable;A630-420H;0;18;
ASR-243/1;TRABAS;50;10;575;575;60;18;18; Tag #:  36  of  50;3589651;10/09/2026;Jueves;1;02/09/2026;03:32:05;Eura 16;dlopez;;;;N;Facturable;A630-420H;0;18;
ASR-243/1;TRABAS;50;10;575;575;60;18;18; Tag #:  37  of  50;3589652;10/09/2026;Jueves;1;02/09/2026;03:32:10;Eura 16;dlopez;;;;N;Facturable;A630-420H;0;18;
ASR-243/1;TRABAS;50;10;575;575;60;18;18; Tag #:  38  of  50;3589653;10/09/2026;Jueves;1;02/09/2026;03:32:14;Eura 16;dlopez;;;;N;Facturable;A630-420H;0;18;
ASR-243/1;TRABAS;50;10;575;575;60;18;18; Tag #:  39  of  50;3589654;10/09/2026;Jueves;1;02/09/2026;04:01:44;Eura 16;dlopez;;;;N;Facturable;A630-420H;0;18;
ASR-243/1;TRABAS;50;10;575;575;60;18;18; Tag #:  40  of  50;3589655;10/09/2026;Jueves;1;02/09/2026;04:01:51;Eura 16;dlopez;;;;N;Facturable;A630-420H;0;18;
ASR-243/1;TRABAS;50;10;575;575;60;18;18; Tag #:  41  of  50;3589656;10/09/2026;Jueves;1;02/09/2026;04:01:55;Eura 16;dlopez;;;;N;Facturable;A630-420H;0;18;
ASR-243/1;TRABAS;50;10;575;575;60;18;18; Tag #:  42  of  50;3589657;10/09/2026;Jueves;1;02/09/2026;04:01:59;Eura 16;dlopez;;;;N;Facturable;A630-420H;0;18;
ASR-243/1;TRABAS;50;10;575;575;60;18;18; Tag #:  43  of  50;3589658;10/09/2026;Jueves;1;02/09/2026;04:38:01;Eura 16;dlopez;;;;N;Facturable;A630-420H;0;18;
ASR-243/1;TRABAS;50;10;575;575;60;18;18; Tag #:  44  of  50;3589659;10/09/2026;Jueves;1;02/09/2026;04:38:07;Eura 16;dlopez;;;;N;Facturable;A630-420H;0;18;
ASR-243/1;TRABAS;50;10;575;575;60;18;18; Tag #:  45  of  50;3589660;10/09/2026;Jueves;1;02/09/2026;04:38:14;Eura 16;dlopez;;;;N;Facturable;A630-420H;0;18;
ASR-243/1;TRABAS;50;10;575;575;60;18;18; Tag #:  46  of  50;3589661;10/09/2026;Jueves;1;02/09/2026;04:38:18;Eura 16;dlopez;;;;N;Facturable;A630-420H;0;18;
ASR-243/1;TRABAS;50;10;575;575;60;18;18; Tag #:  47  of  50;3589662;10/09/2026;Jueves;1;02/09/2026;09:02:48;Eura 16;dlopez;;;;N;Facturable;A630-420H;0;18;
ASR-243/1;TRABAS;50;10;575;575;60;18;18; Tag #:  48  of  50;3589663;10/09/2026;Jueves;1;02/09/2026;09:02:35;Eura 16;dlopez;;;;N;Facturable;A630-420H;0;18;
ASR-243/1;TRABAS;50;10;575;575;60;18;18; Tag #:  49  of  50;3589664;10/09/2026;Jueves;1;02/09/2026;09:02:28;Eura 16;dlopez;;;;N;Facturable;A630-420H;0;18;
ASR-243/1;TRABAS;40;10;575;575;60;14;14; Tag #:  50  of  50;3589665;10/09/2026;Jueves;1;02/09/2026;09:02:21;Eura 16;dlopez;;;;N;Facturable;A630-420H;0;14;
BESP-19/1;1;50;10;1400;1400;4;44;43; Tag #:  34  of  66;3599419;08/09/2026;Martes;1;04/09/2026;16:16:12;COIL 14 M;eurquizu;;;;N;Facturable;A630-420H;0;43;
BESP-19/1;1;50;10;1400;1400;4;44;43; Tag #:  35  of  66;3599420;08/09/2026;Martes;1;04/09/2026;16:16:17;COIL 14 M;eurquizu;;;;N;Facturable;A630-420H;0;43;
BESP-19/1;1;50;10;1400;1400;4;44;43; Tag #:  36  of  66;3599421;08/09/2026;Martes;1;04/09/2026;16:16:21;COIL 14 M;eurquizu;;;;N;Facturable;A630-420H;0;43;
BESP-19/1;1;50;10;1400;1400;4;44;43; Tag #:  37  of  66;3599422;08/09/2026;Martes;1;04/09/2026;16:33:22;COIL 14 M;eurquizu;;;;N;Facturable;A630-420H;0;43;
BESP-19/1;1;50;10;1400;1400;4;44;43; Tag #:  38  of  66;3599423;08/09/2026;Martes;1;05/09/2026;08:44:41;COIL 14 M;eurquizu;;;;N;Facturable;A630-420H;0;43;
BESP-19/1;1;50;10;1400;1400;4;44;43; Tag #:  39  of  66;3599424;08/09/2026;Martes;1;05/09/2026;08:59:40;COIL 14 M;eurquizu;;;;N;Facturable;A630-420H;0;43;
BESP-19/1;1;50;10;1400;1400;4;44;43; Tag #:  40  of  66;3599425;08/09/2026;Martes;1;05/09/2026;09:13:54;COIL 14 M;eurquizu;;;;N;Facturable;A630-420H;0;43;
BESP-19/1;1;50;10;1400;1400;4;44;43; Tag #:  41  of  66;3599426;08/09/2026;Martes;1;05/09/2026;09:34:36;COIL 14 M;eurquizu;;;;N;Facturable;A630-420H;0;43;
BESP-19/1;1;50;10;1400;1400;4;44;43; Tag #:  42  of  66;3599427;08/09/2026;Martes;1;05/09/2026;09:50:35;COIL 14 M;eurquizu;;;;N;Facturable;A630-420H;0;43;
BESP-19/1;1;50;10;1400;1400;4;44;43; Tag #:  43  of  66;3599428;08/09/2026;Martes;1;05/09/2026;10:20:01;COIL 14 M;eurquizu;;;;N;Facturable;A630-420H;0;43;
BESP-19/1;1;40;10;1400;1400;4;35;35; Tag #:  44  of  66;3599429;08/09/2026;Martes;1;05/09/2026;10:31:25;COIL 14 M;eurquizu;;;;N;Facturable;A630-420H;0;35;
BESP-19/1;2;50;10;1120;1120;15;35;35; Tag #:  45  of  66;3599430;08/09/2026;Martes;1;05/09/2026;11:09:29;COIL 14 M;eurquizu;;;;N;Facturable;A630-420H;0;35;
BESP-19/1;2;50;10;1120;1120;15;35;35; Tag #:  46  of  66;3599431;08/09/2026;Martes;1;05/09/2026;11:31:58;COIL 14 M;eurquizu;;;;N;Facturable;A630-420H;0;35;
BESP-19/1;2;50;10;1120;1120;15;35;35; Tag #:  47  of  66;3599432;08/09/2026;Martes;1;05/09/2026;11:45:42;COIL 14 M;eurquizu;;;;N;Facturable;A630-420H;0;35;
BESP-19/1;2;50;10;1120;1120;15;35;35; Tag #:  48  of  66;3599433;08/09/2026;Martes;1;05/09/2026;12:01:18;COIL 14 M;eurquizu;;;;N;Facturable;A630-420H;0;35;
BESP-19/1;2;50;10;1120;1120;15;35;35; Tag #:  49  of  66;3599434;08/09/2026;Martes;1;05/09/2026;12:17:16;COIL 14 M;eurquizu;;;;N;Facturable;A630-420H;0;35;
BESP-19/1;2;50;10;1120;1120;15;35;35; Tag #:  50  of  66;3599435;08/09/2026;Martes;1;05/09/2026;12:32:45;COIL 14 M;eurquizu;;;;N;Facturable;A630-420H;0;35;
BESP-19/1;2;50;10;1120;1120;15;35;35; Tag #:  51  of  66;3599436;08/09/2026;Martes;1;05/09/2026;14:08:43;COIL 14 M;eurquizu;;;;N;Facturable;A630-420H;0;35;
BESP-19/1;2;50;10;1120;1120;15;35;35; Tag #:  52  of  66;3599437;08/09/2026;Martes;1;05/09/2026;14:20:54;COIL 14 M;eurquizu;;;;N;Facturable;A630-420H;0;35;
BESP-19/1;2;50;10;1120;1120;15;35;35; Tag #:  53  of  66;3599438;08/09/2026;Martes;1;05/09/2026;14:56:44;COIL 14 M;eurquizu;;;;N;Facturable;A630-420H;0;35;
BESP-19/1;2;50;10;1120;1120;15;35;35; Tag #:  54  of  66;3599439;08/09/2026;Martes;1;05/09/2026;14:56:39;COIL 14 M;eurquizu;;;;N;Facturable;A630-420H;0;35;
BESP-19/1;2;40;10;1120;1120;15;28;28; Tag #:  55  of  66;3599440;08/09/2026;Martes;1;05/09/2026;10:57:00;COIL 14 M;eurquizu;;;;N;Facturable;A630-420H;0;28;
BESP-19/1;3;1080;10;1400;1400;2;942;933; Tag #:  58  of  66;3599443;08/09/2026;Martes;0;;;;;;;;N;Facturable;A630-420H;0;933;
BESP-19/1;4;216;10;3620;3620;3;487;482; Tag #:  59  of  66;3599444;08/09/2026;Martes;1;05/09/2026;15:56:55;COIL 14 M;eurquizu;;;;N;Facturable;A630-420H;0;482;
BESP-19/1;5;216;10;3280;3280;3;442;437; Tag #:  60  of  66;3599445;08/09/2026;Martes;0;;;;;;;;N;Facturable;A630-420H;0;438;
CHSA-3/2;RANAS;20;10;1000;1000;30;12;12; Tag #:  7  of  83;3591763;07/09/2026;Lunes;1;24/08/2026;09:40:36;COIL 14 M;eurquizu;;;;N;Facturable;A630-420H;0;12;
CHSA-4/2;rANAS;10;10;920;920;30;6;6; Tag #:  9  of  46;3591858;07/09/2026;Lunes;1;24/08/2026;09:47:54;COIL 14 M;eurquizu;;;;N;Facturable;A630-420H;0;6;
CHSA-5/2;RANAS;20;10;1000;1000;30;12;12; Tag #:  5  of  74;3591900;07/09/2026;Lunes;1;24/08/2026;09:42:43;COIL 14 M;eurquizu;;;;N;Facturable;A630-420H;0;12;
CHSA-6/2;RANAS;40;10;1000;1000;30;25;25; Tag #:  7  of  88;3591976;07/09/2026;Lunes;1;24/08/2026;09:46:12;COIL 14 M;eurquizu;;;;N;Facturable;A630-420H;0;25;
OOCC-12/1;1001;96;10;4750;4750;3;284;281; Tag #:  1  of  29;3599057;09/09/2026;Miercoles;0;;;;;;;;N;Facturable;A630-420H;0;281;
OOCC-12/1;1002;50;10;2620;2620;4;82;81; Tag #:  2  of  29;3599058;09/09/2026;Miercoles;0;;;;;;;;N;Facturable;A630-420H;0;81;
OOCC-12/1;1002;50;10;2620;2620;4;82;81; Tag #:  3  of  29;3599059;09/09/2026;Miercoles;0;;;;;;;;N;Facturable;A630-420H;0;81;
OOCC-12/1;1002;50;10;2620;2620;4;82;81; Tag #:  4  of  29;3599060;09/09/2026;Miercoles;0;;;;;;;;N;Facturable;A630-420H;0;81;
OOCC-12/1;1002;50;10;2620;2620;4;82;81; Tag #:  5  of  29;3599061;09/09/2026;Miercoles;0;;;;;;;;N;Facturable;A630-420H;0;81;
OOCC-12/1;1002;50;10;2620;2620;4;82;81; Tag #:  6  of  29;3599062;09/09/2026;Miercoles;0;;;;;;;;N;Facturable;A630-420H;0;81;
OOCC-12/1;1002;50;10;2620;2620;4;82;81; Tag #:  7  of  29;3599063;09/09/2026;Miercoles;0;;;;;;;;N;Facturable;A630-420H;0;81;
OOCC-12/1;1002;50;10;2620;2620;4;82;81; Tag #:  8  of  29;3599064;09/09/2026;Miercoles;0;;;;;;;;N;Facturable;A630-420H;0;81;
OOCC-12/1;1002;50;10;2620;2620;4;82;81; Tag #:  9  of  29;3599065;09/09/2026;Miercoles;0;;;;;;;;N;Facturable;A630-420H;0;81;
OOCC-12/1;1002;50;10;2620;2620;4;82;81; Tag #:  10  of  29;3599066;09/09/2026;Miercoles;0;;;;;;;;N;Facturable;A630-420H;0;81;
OOCC-12/1;1002;50;10;2620;2620;4;82;81; Tag #:  11  of  29;3599067;09/09/2026;Miercoles;0;;;;;;;;N;Facturable;A630-420H;0;81;
OOCC-12/1;1002;50;10;2620;2620;4;82;81; Tag #:  12  of  29;3599068;09/09/2026;Miercoles;0;;;;;;;;N;Facturable;A630-420H;0;81;
OOCC-12/1;1002;50;10;2620;2620;4;82;81; Tag #:  13  of  29;3599069;09/09/2026;Miercoles;0;;;;;;;;N;Facturable;A630-420H;0;81;
OOCC-12/1;1002;50;10;2620;2620;4;82;81; Tag #:  14  of  29;3599070;09/09/2026;Miercoles;0;;;;;;;;N;Facturable;A630-420H;0;81;
OOCC-12/1;1002;50;10;2620;2620;4;82;81; Tag #:  15  of  29;3599071;09/09/2026;Miercoles;0;;;;;;;;N;Facturable;A630-420H;0;81;
OOCC-12/1;1002;4;10;2620;2620;4;7;6; Tag #:  16  of  29;3599072;09/09/2026;Miercoles;0;;;;;;;;N;Facturable;A630-420H;0;6;
OOCC-12/1;1003;49;10;2840;2840;4;87;86; Tag #:  17  of  29;3599073;09/09/2026;Miercoles;0;;;;;;;;N;Facturable;A630-420H;0;86;
OOCC-12/1;1003;49;10;2840;2840;4;87;86; Tag #:  18  of  29;3599074;09/09/2026;Miercoles;0;;;;;;;;N;Facturable;A630-420H;0;86;
OOCC-12/1;1003;49;10;2840;2840;4;87;86; Tag #:  19  of  29;3599075;09/09/2026;Miercoles;0;;;;;;;;N;Facturable;A630-420H;0;86;
OOCC-12/1;1003;49;10;2840;2840;4;87;86; Tag #:  20  of  29;3599076;09/09/2026;Miercoles;0;;;;;;;;N;Facturable;A630-420H;0;86;
OOCC-12/1;1003;49;10;2840;2840;4;87;86; Tag #:  21  of  29;3599077;09/09/2026;Miercoles;0;;;;;;;;N;Facturable;A630-420H;0;86;
OOCC-12/1;1003;49;10;2840;2840;4;87;86; Tag #:  22  of  29;3599078;09/09/2026;Miercoles;0;;;;;;;;N;Facturable;A630-420H;0;86;
OOCC-12/1;1003;49;10;2840;2840;4;87;86; Tag #:  23  of  29;3599079;09/09/2026;Miercoles;0;;;;;;;;N;Facturable;A630-420H;0;86;
OOCC-12/1;1003;9;10;2840;2840;4;16;16; Tag #:  24  of  29;3599080;09/09/2026;Miercoles;0;;;;;;;;N;Facturable;A630-420H;0;16;
OOCC-13/1;1004;607;10;2640;2640;276;999;989; Tag #:  1  of  3;3599541;08/09/2026;Martes;0;;;;;;;;N;Facturable;A630-420H;0;989;
OOCC-13/1;1004;607;10;2640;2640;276;999;989; Tag #:  2  of  3;3599542;08/09/2026;Martes;0;;;;;;;;N;Facturable;A630-420H;0;989;
OOCC-13/1;1004;463;10;2640;2640;276;762;754; Tag #:  3  of  3;3599543;08/09/2026;Martes;0;;;;;;;;N;Facturable;A630-420H;0;754;
PLK-54/1;1 (EST);192;10;5774;5774;276;691;684; Tag #:  1  of  13;3596496;08/09/2026;Martes;0;;;;;;;;N;Facturable;A630-420H;0;684;
PLK-55/1;1 (EST);277;10;5774;5774;276;997;987; Tag #:  1  of  17;3596509;08/09/2026;Martes;0;;;;;;;;N;Facturable;A630-420H;0;987;
PLK-55/1;1 (EST);27;10;5774;5774;276;97;96; Tag #:  2  of  17;3596510;08/09/2026;Martes;0;;;;;;;;N;Facturable;A630-420H;0;96;
ASR-227/1;J2;24;12;920;920;60;20;20; Tag #:  29  of  30;3585785;09/09/2026;Miercoles;0;;;;;;;;N;Facturable;A630-420H;0;20;
ASR-228/1;J2;24;12;920;920;60;20;20; Tag #:  29  of  30;3585815;10/09/2026;Jueves;0;;;;;;;;N;Facturable;A630-420H;0;20;
ASR-233/1;J2  (JD);24;12;520;520;60;11;11; Tag #:  32  of  34;3588294;11/09/2026;Viernes;0;;;;;;;;N;Facturable;A630-420H;0;11;
ASR-233/1;P2  Coronacion;25;12;2400;2400;4;54;53; Tag #:  33  of  34;3588295;11/09/2026;Viernes;0;;;;;;;;N;Facturable;A630-420H;0;54;
ASR-233/1;P1 coronacion.;14;12;12000;12000;1;151;149; Tag #:  34  of  34;3588296;11/09/2026;Viernes;0;;;;;;;;N;Facturable;A630-420H;0;150;
ASR-244/1;16 (Sup);4;12;1990;1990;3;7;7; Tag #:  3  of  19;3589668;10/09/2026;Jueves;0;;;;;;;;N;Facturable;A630-420H;0;7;
ASR-244/1;15;12;12;3525;3525;121;38;38; Tag #:  1  of  19;3589666;10/09/2026;Jueves;0;;;;;;;;N;Facturable;A630-420H;0;38;
ASR-244/1;16 (horz);9;12;1960;1960;3;16;16; Tag #:  2  of  19;3589667;10/09/2026;Jueves;0;;;;;;;;N;Facturable;A630-420H;0;16;
BESP-19/1;Patas;50;12;1200;1200;30;54;53; Tag #:  17  of  66;3599402;08/09/2026;Martes;1;04/09/2026;21:34:16;Eura 16;dlopez;;;;N;Facturable;A630-420H;0;53;
BESP-19/1;Patas;50;12;1200;1200;30;54;53; Tag #:  18  of  66;3599403;08/09/2026;Martes;1;04/09/2026;21:34:25;Eura 16;dlopez;;;;N;Facturable;A630-420H;0;53;
BESP-19/1;Patas;50;12;1200;1200;30;54;53; Tag #:  19  of  66;3599404;08/09/2026;Martes;1;04/09/2026;21:34:33;Eura 16;dlopez;;;;N;Facturable;A630-420H;0;53;
BESP-19/1;Patas;50;12;1200;1200;30;54;53; Tag #:  20  of  66;3599405;08/09/2026;Martes;1;04/09/2026;21:34:41;Eura 16;dlopez;;;;N;Facturable;A630-420H;0;53;
BESP-19/1;Patas;50;12;1200;1200;30;54;53; Tag #:  21  of  66;3599406;08/09/2026;Martes;1;04/09/2026;22:32:00;Eura 16;dlopez;;;;N;Facturable;A630-420H;0;53;
BESP-19/1;Patas;50;12;1200;1200;30;54;53; Tag #:  22  of  66;3599407;08/09/2026;Martes;1;04/09/2026;22:31:52;Eura 16;dlopez;;;;N;Facturable;A630-420H;0;53;
BESP-19/1;Patas;50;12;1200;1200;30;54;53; Tag #:  23  of  66;3599408;08/09/2026;Martes;1;04/09/2026;22:31:43;Eura 16;dlopez;;;;N;Facturable;A630-420H;0;53;
BESP-19/1;Patas;50;12;1200;1200;30;54;53; Tag #:  24  of  66;3599409;08/09/2026;Martes;1;04/09/2026;22:31:36;Eura 16;dlopez;;;;N;Facturable;A630-420H;0;53;
BESP-19/1;Patas;50;12;1200;1200;30;54;53; Tag #:  25  of  66;3599410;08/09/2026;Martes;1;04/09/2026;22:40:42;Eura 16;dlopez;;;;N;Facturable;A630-420H;0;53;
BESP-19/1;Patas;50;12;1200;1200;30;54;53; Tag #:  26  of  66;3599411;08/09/2026;Martes;1;05/09/2026;01:16:10;Eura 16;dlopez;;;;N;Facturable;A630-420H;0;53;
BESP-19/1;Patas;50;12;1200;1200;30;54;53; Tag #:  27  of  66;3599412;08/09/2026;Martes;1;05/09/2026;01:16:03;Eura 16;dlopez;;;;N;Facturable;A630-420H;0;53;
BESP-19/1;Patas;50;12;1200;1200;30;54;53; Tag #:  28  of  66;3599413;08/09/2026;Martes;1;05/09/2026;01:15:49;Eura 16;dlopez;;;;N;Facturable;A630-420H;0;53;
BESP-19/1;Patas;50;12;1200;1200;30;54;53; Tag #:  29  of  66;3599414;08/09/2026;Martes;1;05/09/2026;02:38:18;Eura 16;dlopez;;;;N;Facturable;A630-420H;0;53;
BESP-19/1;Patas;50;12;1200;1200;30;54;53; Tag #:  30  of  66;3599415;08/09/2026;Martes;1;05/09/2026;02:37:23;Eura 16;dlopez;;;;N;Facturable;A630-420H;0;53;
BESP-19/1;Patas;50;12;1200;1200;30;54;53; Tag #:  31  of  66;3599416;08/09/2026;Martes;1;05/09/2026;02:37:13;Eura 16;dlopez;;;;N;Facturable;A630-420H;0;53;
BESP-19/1;Patas;50;12;1200;1200;30;54;53; Tag #:  32  of  66;3599417;08/09/2026;Martes;1;05/09/2026;02:37:02;Eura 16;dlopez;;;;N;Facturable;A630-420H;0;53;
BESP-19/1;Patas;28;12;1200;1200;30;30;30; Tag #:  33  of  66;3599418;08/09/2026;Martes;1;05/09/2026;02:36:54;Eura 16;dlopez;;;;N;Facturable;A630-420H;0;30;
CHSA-3/2;5a;14;12;3150;3150;95;40;39; Tag #:  65  of  83;3591831;07/09/2026;Lunes;1;24/08/2026;11:08:27;COIL 14;rcolumba;;;;N;Facturable;A630-420H;0;40;
CHSA-3/2;5b (Doblar);8;12;2400;2400;24;17;17; Tag #:  66  of  83;3591832;07/09/2026;Lunes;1;24/08/2026;11:08:42;COIL 14;rcolumba;;;;N;Facturable;A630-420H;0;17;
CHSA-3/2;15;3;12;5060;5060;3;14;13; Tag #:  67  of  83;3591833;07/09/2026;Lunes;1;21/08/2026;20:14:56;Eura 16;dlopez;;;;N;Facturable;A630-420H;0;14;
CHSA-3/2;15a;3;12;4220;4220;3;11;11; Tag #:  68  of  83;3591834;07/09/2026;Lunes;1;21/08/2026;20:21:09;Eura 16;dlopez;;;;N;Facturable;A630-420H;0;11;
CHSA-3/2;6a (Doblar);4;12;3700;3700;2;13;13; Tag #:  73  of  83;3591839;07/09/2026;Lunes;1;21/08/2026;19:47:48;Eura 16;dlopez;;;;N;Facturable;A630-420H;0;13;
CHSA-3/2;1;6;12;6710;6710;3;36;36; Tag #:  74  of  83;3591840;07/09/2026;Lunes;1;21/08/2026;20:03:00;Eura 16;dlopez;;;;N;Facturable;A630-420H;0;36;
CHSA-3/2;1a;6;12;5870;5870;3;32;31; Tag #:  75  of  83;3591841;07/09/2026;Lunes;1;21/08/2026;20:09:37;Eura 16;dlopez;;;;N;Facturable;A630-420H;0;32;
CHSA-3/2;1c (doblar);8;12;2000;2000;24;14;14; Tag #:  76  of  83;3591842;07/09/2026;Lunes;1;24/08/2026;11:08:35;COIL 14;rcolumba;;;;N;Facturable;A630-420H;0;14;
CHSA-3/2;Refzo pasadas;8;12;1500;1500;1;11;11; Tag #:  40  of  83;3591806;07/09/2026;Lunes;1;21/08/2026;19:27:16;Eura 16;dlopez;;;;N;Facturable;A630-420H;0;11;
CHSA-3/2;5;14;12;3150;3150;6;40;39; Tag #:  64  of  83;3591830;07/09/2026;Lunes;1;24/08/2026;11:08:17;COIL 14;rcolumba;;;;N;Facturable;A630-420H;0;40;
CHSA-3/2;4;5;12;3740;3740;6;17;17; Tag #:  69  of  83;3591835;07/09/2026;Lunes;1;24/08/2026;11:08:09;COIL 14;rcolumba;;;;N;Facturable;A630-420H;0;17;
CHSA-3/2;4a;5;12;3320;3320;95;15;15; Tag #:  70  of  83;3591836;07/09/2026;Lunes;1;24/08/2026;11:07:59;COIL 14;rcolumba;;;;N;Facturable;A630-420H;0;15;
CHSA-3/2;4b;8;12;2800;2800;24;20;20; Tag #:  71  of  83;3591837;07/09/2026;Lunes;1;24/08/2026;11:08:53;COIL 14;rcolumba;;;;N;Facturable;A630-420H;0;20;
CHSA-3/2;6 (Doblar);4;12;4120;4120;2;15;15; Tag #:  72  of  83;3591838;07/09/2026;Lunes;1;21/08/2026;19:53:33;Eura 16;dlopez;;;;N;Facturable;A630-420H;0;15;
CHSA-3/2;2 (doblar);4;12;3240;3240;2;12;12; Tag #:  77  of  83;3591843;07/09/2026;Lunes;1;21/08/2026;19:32:02;Eura 16;dlopez;;;;N;Facturable;A630-420H;0;12;
CHSA-3/2;2a (doblar);4;12;2400;2400;2;9;9; Tag #:  78  of  83;3591844;07/09/2026;Lunes;1;21/08/2026;20:24:25;Eura 16;dlopez;;;;N;Facturable;A630-420H;0;9;
CHSA-3/2;14  refzo vano;32;12;1000;1000;1;29;28; Tag #:  79  of  83;3591845;07/09/2026;Lunes;1;21/08/2026;19:21:55;Eura 16;dlopez;;;;N;Facturable;A630-420H;0;29;
CHSA-4/2;7;32;12;4030;4030;3;116;115; Tag #:  30  of  46;3591879;07/09/2026;Lunes;1;21/08/2026;21:02:06;Eura 16;dlopez;;;;N;Facturable;A630-420H;0;115;
CHSA-4/2;7;32;12;4030;4030;3;116;115; Tag #:  37  of  46;3591886;07/09/2026;Lunes;1;21/08/2026;21:01:58;Eura 16;dlopez;;;;N;Facturable;A630-420H;0;115;
CHSA-4/2;8;16;12;1200;1200;1;17;17; Tag #:  46  of  46;3591895;07/09/2026;Lunes;1;22/08/2026;02:09:36;Eura 16;dlopez;;;;N;Facturable;A630-420H;0;17;
CHSA-5/2;5;14;12;2395;2395;6;30;30; Tag #:  60  of  74;3591955;07/09/2026;Lunes;1;24/08/2026;12:25:19;COIL 14;rcolumba;;;;N;Facturable;A630-420H;0;30;
CHSA-5/2;5a;14;12;2395;2395;95;30;30; Tag #:  61  of  74;3591956;07/09/2026;Lunes;1;24/08/2026;12:25:30;COIL 14;rcolumba;;;;N;Facturable;A630-420H;0;30;
CHSA-5/2;5b;8;12;2400;2400;24;17;17; Tag #:  62  of  74;3591957;07/09/2026;Lunes;1;24/08/2026;12:24:54;COIL 14;rcolumba;;;;N;Facturable;A630-420H;0;17;
CHSA-5/2;15;3;12;5070;5070;3;14;14; Tag #:  63  of  74;3591958;07/09/2026;Lunes;1;22/08/2026;01:49:54;Eura 16;dlopez;;;;N;Facturable;A630-420H;0;14;
CHSA-5/2;1 cortar;3;12;6710;6710;3;18;18; Tag #:  69  of  74;3591964;07/09/2026;Lunes;1;22/08/2026;01:43:03;Eura 16;dlopez;;;;N;Facturable;A630-420H;0;18;
CHSA-5/2;1a cortar;3;12;5870;5870;3;16;16; Tag #:  70  of  74;3591965;07/09/2026;Lunes;1;22/08/2026;01:40:19;Eura 16;dlopez;;;;N;Facturable;A630-420H;0;16;
CHSA-5/2;1c cortar;8;12;1900;1900;24;14;13; Tag #:  71  of  74;3591966;07/09/2026;Lunes;1;24/08/2026;12:25:08;COIL 14;rcolumba;;;;N;Facturable;A630-420H;0;14;
CHSA-5/2;2;4;12;2930;2930;3;11;10; Tag #:  72  of  74;3591967;07/09/2026;Lunes;1;22/08/2026;01:36:46;Eura 16;dlopez;;;;N;Facturable;A630-420H;0;11;
CHSA-5/2;15a;3;12;4230;4230;3;11;11; Tag #:  64  of  74;3591959;07/09/2026;Lunes;1;22/08/2026;01:52:56;Eura 16;dlopez;;;;N;Facturable;A630-420H;0;11;
CHSA-5/2;4;5;12;3100;3100;6;14;14; Tag #:  65  of  74;3591960;07/09/2026;Lunes;1;24/08/2026;12:24:43;COIL 14;rcolumba;;;;N;Facturable;A630-420H;0;14;
CHSA-5/2;4b;8;12;2400;2400;24;17;17; Tag #:  66  of  74;3591961;07/09/2026;Lunes;1;24/08/2026;12:25:01;COIL 14;rcolumba;;;;N;Facturable;A630-420H;0;17;
CHSA-5/2;6 doblar;4;12;4120;4120;2;15;15; Tag #:  67  of  74;3591962;07/09/2026;Lunes;1;22/08/2026;01:57:28;Eura 16;dlopez;;;;N;Facturable;A630-420H;0;15;
CHSA-5/2;6a doblar;4;12;3700;3700;2;13;13; Tag #:  68  of  74;3591963;07/09/2026;Lunes;1;22/08/2026;01:59:34;Eura 16;dlopez;;;;N;Facturable;A630-420H;0;13;
CHSA-5/2;2a;4;12;2090;2090;3;7;7; Tag #:  73  of  74;3591968;07/09/2026;Lunes;1;22/08/2026;01:32:37;Eura 16;dlopez;;;;N;Facturable;A630-420H;0;7;
CHSA-5/2;14;32;12;1200;1200;1;34;34; Tag #:  74  of  74;3591969;07/09/2026;Lunes;1;22/08/2026;02:06:55;Eura 16;dlopez;;;;N;Facturable;A630-420H;0;34;
CHSA-5/2;Refzo pasada;8;12;1500;1500;1;11;11; Tag #:  32  of  74;3591927;07/09/2026;Lunes;1;22/08/2026;02:02:15;Eura 16;dlopez;;;;N;Facturable;A630-420H;0;11;
CHSA-6/2;5;28;12;3150;3150;6;79;78; Tag #:  65  of  88;3592034;07/09/2026;Lunes;1;24/08/2026;15:19:07;COIL 14;rcolumba;;;;N;Facturable;A630-420H;0;78;
CHSA-6/2;5a;28;12;3150;3150;95;79;78; Tag #:  66  of  88;3592035;07/09/2026;Lunes;1;24/08/2026;15:19:00;COIL 14;rcolumba;;;;N;Facturable;A630-420H;0;78;
CHSA-6/2;5b (Doblar);16;12;2400;2400;24;34;34; Tag #:  67  of  88;3592036;07/09/2026;Lunes;1;24/08/2026;15:48:05;COIL 14;rcolumba;;;;N;Facturable;A630-420H;0;34;
CHSA-6/2;6 (Doblar);8;12;4120;4120;2;30;29; Tag #:  73  of  88;3592042;07/09/2026;Lunes;1;25/08/2026;10:29:52;COIL 14;rcolumba;;;;N;Facturable;A630-420H;0;30;
CHSA-6/2;6a (Doblar);8;12;3700;3700;2;27;26; Tag #:  74  of  88;3592043;07/09/2026;Lunes;1;25/08/2026;10:29:38;COIL 14;rcolumba;;;;N;Facturable;A630-420H;0;27;
CHSA-6/2;1;12;12;6710;6710;3;72;72; Tag #:  75  of  88;3592044;07/09/2026;Lunes;1;25/08/2026;09:27:40;COIL 14;rcolumba;;;;N;Facturable;A630-420H;0;71;
CHSA-6/2;1a;12;12;5870;5870;3;63;63; Tag #:  76  of  88;3592045;07/09/2026;Lunes;1;25/08/2026;09:27:45;COIL 14;rcolumba;;;;N;Facturable;A630-420H;0;62;
CHSA-6/2;15;6;12;5060;5060;3;27;27; Tag #:  68  of  88;3592037;07/09/2026;Lunes;1;25/08/2026;09:27:50;COIL 14;rcolumba;;;;N;Facturable;A630-420H;0;27;
CHSA-6/2;15a;6;12;4220;4220;3;23;22; Tag #:  69  of  88;3592038;07/09/2026;Lunes;1;25/08/2026;09:27:54;COIL 14;rcolumba;;;;N;Facturable;A630-420H;0;23;
CHSA-6/2;4;10;12;3740;3740;6;34;33; Tag #:  70  of  88;3592039;07/09/2026;Lunes;1;24/08/2026;15:20:03;COIL 14;rcolumba;;;;N;Facturable;A630-420H;0;34;
CHSA-6/2;4a;10;12;3320;3320;95;30;29; Tag #:  71  of  88;3592040;07/09/2026;Lunes;1;24/08/2026;15:19:36;COIL 14;rcolumba;;;;N;Facturable;A630-420H;0;30;
CHSA-6/2;4b;16;12;2800;2800;24;40;40; Tag #:  72  of  88;3592041;07/09/2026;Lunes;1;24/08/2026;15:48:13;COIL 14;rcolumba;;;;N;Facturable;A630-420H;0;40;
CHSA-6/2;1c (doblar);16;12;2000;2000;24;29;28; Tag #:  77  of  88;3592046;07/09/2026;Lunes;1;24/08/2026;15:47:57;COIL 14;rcolumba;;;;N;Facturable;A630-420H;0;29;
CHSA-6/2;2 (doblar);8;12;3240;3240;2;23;23; Tag #:  78  of  88;3592047;07/09/2026;Lunes;1;25/08/2026;10:30:02;COIL 14;rcolumba;;;;N;Facturable;A630-420H;0;23;
CHSA-6/2;2a (doblar);8;12;2400;2400;2;17;17; Tag #:  79  of  88;3592048;07/09/2026;Lunes;1;25/08/2026;10:29:41;COIL 14;rcolumba;;;;N;Facturable;A630-420H;0;17;
PLK-54/1;6 (TAPA);32;12;2480;2480;3;71;70; Tag #:  12  of  13;3596507;08/09/2026;Martes;0;;;;;;;;N;Facturable;A630-420H;0;70;
PLK-54/1;7 (TAPA);16;12;2820;2820;3;40;40; Tag #:  13  of  13;3596508;08/09/2026;Martes;0;;;;;;;;N;Facturable;A630-420H;0;40;
PLK-55/1;7 (TAPA);32;12;2820;2820;3;81;80; Tag #:  13  of  17;3596521;08/09/2026;Martes;0;;;;;;;;N;Facturable;A630-420H;0;80;
PLK-55/1;6 (TAPA);64;12;2480;2480;3;142;141; Tag #:  12  of  17;3596520;08/09/2026;Martes;0;;;;;;;;N;Facturable;A630-420H;0;141;
PR14-26/1;1201;50;12;760;760;60;34;34; Tag #:  5  of  43;3590684;08/09/2026;Martes;1;02/09/2026;15:18:41;COIL 14;rcolumba;;;;N;Facturable;A630-420H;0;34;
PR14-26/1;1201;50;12;760;760;60;34;34; Tag #:  6  of  43;3590685;08/09/2026;Martes;1;02/09/2026;15:18:46;COIL 14;rcolumba;;;;N;Facturable;A630-420H;0;34;
PR14-26/1;1201;37;12;760;760;60;25;25; Tag #:  7  of  43;3590686;08/09/2026;Martes;1;02/09/2026;15:18:35;COIL 14;rcolumba;;;;N;Facturable;A630-420H;0;25;
PR14-26/1;1202;36;12;2040;2040;4;66;65; Tag #:  1  of  43;3590680;08/09/2026;Martes;1;02/09/2026;16:07:57;COIL 14;rcolumba;;;;N;Facturable;A630-420H;0;65;
PR14-26/1;1203;49;12;1700;1700;4;75;74; Tag #:  2  of  43;3590681;08/09/2026;Martes;1;02/09/2026;16:08:05;COIL 14;rcolumba;;;;N;Facturable;A630-420H;0;74;
PR14-26/1;1203;23;12;1700;1700;4;35;35; Tag #:  3  of  43;3590682;08/09/2026;Martes;1;02/09/2026;16:08:01;COIL 14;rcolumba;;;;N;Facturable;A630-420H;0;35;
PR14-41/1;12201;36;12;3960;3960;4;128;127; Tag #:  13  of  56;3598834;07/09/2026;Lunes;1;04/09/2026;14:27:39;COIL 14;rcolumba;;;;N;Facturable;A630-420H;0;127;
PR14-41/1;12202;36;12;2980;2980;4;96;95; Tag #:  14  of  56;3598835;07/09/2026;Lunes;0;;;;;;;;N;Facturable;A630-420H;0;95;
PR14-41/1;12203;18;12;3860;3860;4;62;62; Tag #:  15  of  56;3598836;07/09/2026;Lunes;1;04/09/2026;14:55:48;COIL 14;rcolumba;;;;N;Facturable;A630-420H;0;61;
PR14-41/1;12202;36;12;2980;2980;4;96;95; Tag #:  2  of  56;3598823;07/09/2026;Lunes;0;;;;;;;;N;Facturable;A630-420H;0;95;
PR14-41/1;12203;18;12;3860;3860;4;62;62; Tag #:  3  of  56;3598824;07/09/2026;Lunes;1;04/09/2026;14:55:41;COIL 14;rcolumba;;;;N;Facturable;A630-420H;0;61;
PR14-41/1;12204;36;12;1400;1400;102;45;45; Tag #:  4  of  56;3598825;07/09/2026;Lunes;0;;;;;;;;N;Facturable;A630-420H;0;45;
PR14-41/1;12205;36;12;1030;1030;102;33;33; Tag #:  5  of  56;3598826;07/09/2026;Lunes;0;;;;;;;;N;Facturable;A630-420H;0;33;
PR14-41/1;12205;36;12;1030;1030;102;33;33; Tag #:  29  of  56;3598850;07/09/2026;Lunes;0;;;;;;;;N;Facturable;A630-420H;0;33;
PR14-41/1;12211;18;12;3000;3000;4;48;48; Tag #:  49  of  56;3598870;07/09/2026;Lunes;1;04/09/2026;14:56:18;COIL 14;rcolumba;;;;N;Facturable;A630-420H;0;48;
PR14-41/1;12212;36;12;2520;2520;4;81;81; Tag #:  50  of  56;3598871;07/09/2026;Lunes;1;04/09/2026;14:59:42;COIL 14;rcolumba;;;;N;Facturable;A630-420H;0;80;
PR14-41/1;12213;49;12;1100;1100;102;48;48; Tag #:  51  of  56;3598872;07/09/2026;Lunes;0;;;;;;;;N;Facturable;A630-420H;0;48;
PR14-41/1;12213;23;12;1100;1100;102;23;22; Tag #:  52  of  56;3598873;07/09/2026;Lunes;0;;;;;;;;N;Facturable;A630-420H;0;22;
PR14-41/1;12203;18;12;3860;3860;4;62;62; Tag #:  39  of  56;3598860;07/09/2026;Lunes;1;04/09/2026;14:56:07;COIL 14;rcolumba;;;;N;Facturable;A630-420H;0;61;
PR14-41/1;12204;36;12;1400;1400;102;45;45; Tag #:  40  of  56;3598861;07/09/2026;Lunes;0;;;;;;;;N;Facturable;A630-420H;0;45;
PR14-41/1;12205;36;12;1030;1030;102;33;33; Tag #:  41  of  56;3598862;07/09/2026;Lunes;0;;;;;;;;N;Facturable;A630-420H;0;33;
PR14-41/1;12201;36;12;3960;3960;4;128;127; Tag #:  1  of  56;3598822;07/09/2026;Lunes;1;04/09/2026;14:27:46;COIL 14;rcolumba;;;;N;Facturable;A630-420H;0;127;
PR14-41/1;12204;36;12;1400;1400;102;45;45; Tag #:  16  of  56;3598837;07/09/2026;Lunes;0;;;;;;;;N;Facturable;A630-420H;0;45;
PR14-41/1;12205;36;12;1030;1030;102;33;33; Tag #:  17  of  56;3598838;07/09/2026;Lunes;0;;;;;;;;N;Facturable;A630-420H;0;33;
PR14-41/1;12201;36;12;3960;3960;4;128;127; Tag #:  25  of  56;3598846;07/09/2026;Lunes;1;04/09/2026;14:28:04;COIL 14;rcolumba;;;;N;Facturable;A630-420H;0;127;
PR14-41/1;12202;36;12;2980;2980;4;96;95; Tag #:  26  of  56;3598847;07/09/2026;Lunes;0;;;;;;;;N;Facturable;A630-420H;0;95;
PR14-41/1;12203;18;12;3860;3860;4;62;62; Tag #:  27  of  56;3598848;07/09/2026;Lunes;1;04/09/2026;14:55:58;COIL 14;rcolumba;;;;N;Facturable;A630-420H;0;61;
PR14-41/1;12204;36;12;1400;1400;102;45;45; Tag #:  28  of  56;3598849;07/09/2026;Lunes;0;;;;;;;;N;Facturable;A630-420H;0;45;
PR14-41/1;12201;36;12;3960;3960;4;128;127; Tag #:  37  of  56;3598858;07/09/2026;Lunes;1;04/09/2026;14:27:56;COIL 14;rcolumba;;;;N;Facturable;A630-420H;0;127;
PR14-41/1;12202;36;12;2980;2980;4;96;95; Tag #:  38  of  56;3598859;07/09/2026;Lunes;0;;;;;;;;N;Facturable;A630-420H;0;95;
PR14-43/1;12242;19;12;2740;2740;4;47;46; Tag #:  2  of  20;3598899;11/09/2026;Viernes;0;;;;;;;;N;Facturable;A630-420H;0;47;
PR14-43/1;12243;38;12;1395;1395;102;48;47; Tag #:  3  of  20;3598900;11/09/2026;Viernes;0;;;;;;;;N;Facturable;A630-420H;0;48;
PR14-43/1;12244;38;12;1195;1195;102;41;40; Tag #:  4  of  20;3598901;11/09/2026;Viernes;0;;;;;;;;N;Facturable;A630-420H;0;41;
PR14-43/1;12241;38;12;3700;3700;4;126;125; Tag #:  11  of  20;3598908;11/09/2026;Viernes;0;;;;;;;;N;Facturable;A630-420H;0;125;
PR14-43/1;12242;19;12;2740;2740;4;47;46; Tag #:  12  of  20;3598909;11/09/2026;Viernes;0;;;;;;;;N;Facturable;A630-420H;0;47;
PR14-43/1;12243;38;12;1395;1395;102;48;47; Tag #:  13  of  20;3598910;11/09/2026;Viernes;0;;;;;;;;N;Facturable;A630-420H;0;48;
PR14-43/1;12244;38;12;1195;1195;102;41;40; Tag #:  14  of  20;3598911;11/09/2026;Viernes;0;;;;;;;;N;Facturable;A630-420H;0;41;
PR14-43/1;12241;38;12;3700;3700;4;126;125; Tag #:  1  of  20;3598898;11/09/2026;Viernes;0;;;;;;;;N;Facturable;A630-420H;0;125;
SAR2-42/1;E1;49;12;2240;2240;4;98;97; Tag #:  2  of  13;3599503;11/09/2026;Viernes;0;;;;;;;;N;Facturable;A630-420H;0;97;
SAR2-42/1;E1;49;12;2240;2240;4;98;97; Tag #:  3  of  13;3599504;11/09/2026;Viernes;0;;;;;;;;N;Facturable;A630-420H;0;97;
SAR2-42/1;E1;49;12;2240;2240;4;98;97; Tag #:  4  of  13;3599505;11/09/2026;Viernes;0;;;;;;;;N;Facturable;A630-420H;0;97;
SAR2-42/1;E1;49;12;2240;2240;4;98;97; Tag #:  5  of  13;3599506;11/09/2026;Viernes;0;;;;;;;;N;Facturable;A630-420H;0;97;
SAR2-42/1;E1;49;12;2240;2240;4;98;97; Tag #:  6  of  13;3599507;11/09/2026;Viernes;0;;;;;;;;N;Facturable;A630-420H;0;97;
SAR2-42/1;E1;31;12;2240;2240;4;62;62; Tag #:  7  of  13;3599508;11/09/2026;Viernes;0;;;;;;;;N;Facturable;A630-420H;0;62;
SAR2-42/1;E2 (junto con E1);49;12;1900;1900;13;83;83; Tag #:  8  of  13;3599509;11/09/2026;Viernes;0;;;;;;;;N;Facturable;A630-420H;0;83;
SAR2-42/1;E2 (junto con E1);49;12;1900;1900;13;83;83; Tag #:  9  of  13;3599510;11/09/2026;Viernes;0;;;;;;;;N;Facturable;A630-420H;0;83;
SAR2-42/1;E2 (junto con E1);49;12;1900;1900;13;83;83; Tag #:  10  of  13;3599511;11/09/2026;Viernes;0;;;;;;;;N;Facturable;A630-420H;0;83;
SAR2-42/1;E2 (junto con E1);49;12;1900;1900;13;83;83; Tag #:  11  of  13;3599512;11/09/2026;Viernes;0;;;;;;;;N;Facturable;A630-420H;0;83;
SAR2-42/1;E2 (junto con E1);49;12;1900;1900;13;83;83; Tag #:  12  of  13;3599513;11/09/2026;Viernes;0;;;;;;;;N;Facturable;A630-420H;0;83;
SAR2-42/1;E2 (junto con E1);31;12;1900;1900;13;53;52; Tag #:  13  of  13;3599514;11/09/2026;Viernes;0;;;;;;;;N;Facturable;A630-420H;0;52;
SAR2-43/1;2 FUND;144;12;2110;2110;3;273;270; Tag #:  1  of  18;3599515;11/09/2026;Viernes;1;04/09/2026;10:09:46;COIL 14;rcolumba;;;;N;Facturable;A630-420H;0;270;
SAR2-43/1;E1;49;12;2240;2240;4;98;97; Tag #:  7  of  18;3599521;11/09/2026;Viernes;1;03/09/2026;12:44:05;COIL 14;rcolumba;;;;N;Facturable;A630-420H;0;97;
SAR2-43/1;E1;49;12;2240;2240;4;98;97; Tag #:  8  of  18;3599522;11/09/2026;Viernes;1;03/09/2026;12:44:46;COIL 14;rcolumba;;;;N;Facturable;A630-420H;0;97;
SAR2-43/1;E1;49;12;2240;2240;4;98;97; Tag #:  9  of  18;3599523;11/09/2026;Viernes;1;03/09/2026;12:43:05;COIL 14;rcolumba;;;;N;Facturable;A630-420H;0;97;
SAR2-43/1;E1;49;12;2240;2240;4;98;97; Tag #:  10  of  18;3599524;11/09/2026;Viernes;1;03/09/2026;12:42:55;COIL 14;rcolumba;;;;N;Facturable;A630-420H;0;97;
SAR2-43/1;E1;49;12;2240;2240;4;98;97; Tag #:  11  of  18;3599525;11/09/2026;Viernes;1;03/09/2026;12:45:07;COIL 14;rcolumba;;;;N;Facturable;A630-420H;0;97;
SAR2-43/1;E1;31;12;2240;2240;4;62;62; Tag #:  12  of  18;3599526;11/09/2026;Viernes;1;03/09/2026;12:44:58;COIL 14;rcolumba;;;;N;Facturable;A630-420H;0;62;
SAR2-43/1;3 LAT;16;12;2120;2120;3;30;30; Tag #:  2  of  18;3599516;11/09/2026;Viernes;1;04/09/2026;10:09:21;COIL 14;rcolumba;;;;N;Facturable;A630-420H;0;30;
SAR2-43/1;4 CABZ;48;12;1260;1260;2;54;54; Tag #:  3  of  18;3599517;11/09/2026;Viernes;1;04/09/2026;10:09:12;COIL 14;rcolumba;;;;N;Facturable;A630-420H;0;54;
SAR2-43/1;5 ESTR;16;12;2440;2440;4;35;35; Tag #:  4  of  18;3599518;11/09/2026;Viernes;1;04/09/2026;10:09:31;COIL 14;rcolumba;;;;N;Facturable;A630-420H;0;35;
SAR2-43/1;6 CORON;16;12;1125;1125;3;16;16; Tag #:  5  of  18;3599519;11/09/2026;Viernes;1;04/09/2026;10:09:40;COIL 14;rcolumba;;;;N;Facturable;A630-420H;0;16;
SAR2-43/1;E2 (junto con E1);49;12;1900;1900;13;83;83; Tag #:  13  of  18;3599527;11/09/2026;Viernes;1;03/09/2026;17:34:52;COIL 14;rcolumba;;;;N;Facturable;A630-420H;0;83;
SAR2-43/1;E2 (junto con E1);49;12;1900;1900;13;83;83; Tag #:  14  of  18;3599528;11/09/2026;Viernes;1;03/09/2026;17:35:11;COIL 14;rcolumba;;;;N;Facturable;A630-420H;0;83;
SAR2-43/1;E2 (junto con E1);49;12;1900;1900;13;83;83; Tag #:  15  of  18;3599529;11/09/2026;Viernes;1;03/09/2026;17:34:31;COIL 14;rcolumba;;;;N;Facturable;A630-420H;0;83;
SAR2-43/1;E2 (junto con E1);49;12;1900;1900;13;83;83; Tag #:  16  of  18;3599530;11/09/2026;Viernes;1;03/09/2026;17:35:00;COIL 14;rcolumba;;;;N;Facturable;A630-420H;0;83;
SAR2-43/1;E2 (junto con E1);49;12;1900;1900;13;83;83; Tag #:  17  of  18;3599531;11/09/2026;Viernes;1;04/09/2026;08:59:32;COIL 14;rcolumba;;;;N;Facturable;A630-420H;0;83;
SAR2-43/1;E2 (junto con E1);31;12;1900;1900;13;53;52; Tag #:  18  of  18;3599532;11/09/2026;Viernes;1;04/09/2026;08:59:43;COIL 14;rcolumba;;;;N;Facturable;A630-420H;0;52;
ASR-245/1;38;25;16;4695;4695;12;188;185; Tag #:  45  of  60;3589729;10/09/2026;Jueves;0;;;;;;;;N;Facturable;A630-420H;0;186;
ASR-245/1;38;17;16;4695;4695;12;128;126; Tag #:  46  of  60;3589730;10/09/2026;Jueves;0;;;;;;;;N;Facturable;A630-420H;0;126;
ASR-245/1;39;16;16;3200;3200;306;82;81; Tag #:  47  of  60;3589731;10/09/2026;Jueves;0;;;;;;;;N;Facturable;A630-420H;0;81;
ASR-245/1;43 v2;4;16;1662;1582;3;11;10; Tag #:  58  of  60;3589742;10/09/2026;Jueves;0;;;;;;;;N;Facturable;A630-420H;0;11;
ASR-245/1;43 v3;4;16;1820;1740;3;12;11; Tag #:  59  of  60;3589743;10/09/2026;Jueves;0;;;;;;;;N;Facturable;A630-420H;0;12;
ASR-245/1;43 v4;4;16;1891;1811;3;12;11; Tag #:  60  of  60;3589744;10/09/2026;Jueves;0;;;;;;;;N;Facturable;A630-420H;0;12;
ASR-245/1;23 V1;4;16;7530;7450;3;48;47; Tag #:  1  of  60;3589685;10/09/2026;Jueves;0;;;;;;;;N;Facturable;A630-420H;0;48;
ASR-245/1;23 v2;4;16;2225;2145;3;14;14; Tag #:  2  of  60;3589686;10/09/2026;Jueves;0;;;;;;;;N;Facturable;A630-420H;0;14;
ASR-245/1;23 v3;4;16;2750;2670;3;18;17; Tag #:  3  of  60;3589687;10/09/2026;Jueves;0;;;;;;;;N;Facturable;A630-420H;0;18;
ASR-245/1;23 v4;4;16;3134;3054;3;20;19; Tag #:  4  of  60;3589688;10/09/2026;Jueves;0;;;;;;;;N;Facturable;A630-420H;0;20;
ASR-245/1;23 v9;4;16;4167;4087;3;27;26; Tag #:  9  of  60;3589693;10/09/2026;Jueves;0;;;;;;;;N;Facturable;A630-420H;0;27;
ASR-245/1;23 v10;4;16;4267;4187;3;27;26; Tag #:  10  of  60;3589694;10/09/2026;Jueves;0;;;;;;;;N;Facturable;A630-420H;0;27;
ASR-245/1;23 v11;4;16;4340;4260;3;28;27; Tag #:  11  of  60;3589695;10/09/2026;Jueves;0;;;;;;;;N;Facturable;A630-420H;0;28;
ASR-245/1;23 v12;4;16;4389;4309;3;28;27; Tag #:  12  of  60;3589696;10/09/2026;Jueves;0;;;;;;;;N;Facturable;A630-420H;0;28;
ASR-245/1;26a;5;16;3500;3420;94;28;27; Tag #:  17  of  60;3589701;10/09/2026;Jueves;0;;;;;;;;N;Facturable;A630-420H;0;28;
ASR-245/1;30 doblar;4;16;2035;1995;2;13;13; Tag #:  28  of  60;3589712;10/09/2026;Jueves;0;;;;;;;;N;Facturable;A630-420H;0;13;
ASR-245/1;28;80;16;2064;1984;3;263;251; Tag #:  24  of  60;3589708;10/09/2026;Jueves;0;;;;;;;;N;Facturable;A630-420H;0;260;
ASR-245/1;23 v5;4;16;3436;3356;3;22;21; Tag #:  5  of  60;3589689;10/09/2026;Jueves;0;;;;;;;;N;Facturable;A630-420H;0;22;
ASR-245/1;23 v6;4;16;3679;3599;3;23;23; Tag #:  6  of  60;3589690;10/09/2026;Jueves;0;;;;;;;;N;Facturable;A630-420H;0;23;
ASR-245/1;23 v7;4;16;3878;3798;3;25;24; Tag #:  7  of  60;3589691;10/09/2026;Jueves;0;;;;;;;;N;Facturable;A630-420H;0;25;
ASR-245/1;23 v8;4;16;4039;3959;3;26;25; Tag #:  8  of  60;3589692;10/09/2026;Jueves;0;;;;;;;;N;Facturable;A630-420H;0;26;
ASR-245/1;23 v13;4;16;4410;4330;3;28;27; Tag #:  13  of  60;3589697;10/09/2026;Jueves;0;;;;;;;;N;Facturable;A630-420H;0;28;
ASR-245/1;24_24a;81;16;3340;3260;55;432;417; Tag #:  14  of  60;3589698;10/09/2026;Jueves;0;;;;;;;;N;Facturable;A630-420H;0;428;
ASR-245/1;26;67;16;3160;3160;39;338;335; Tag #:  16  of  60;3589700;10/09/2026;Jueves;0;;;;;;;;N;Facturable;A630-420H;0;335;
ASR-245/1;32;58;16;3640;3640;239;337;334; Tag #:  32  of  60;3589716;10/09/2026;Jueves;0;;;;;;;;N;Facturable;A630-420H;0;334;
ASR-245/1;42;25;16;1720;1720;211;69;68; Tag #:  50  of  60;3589734;10/09/2026;Jueves;0;;;;;;;;N;Facturable;A630-420H;0;68;
ASR-245/1;42;25;16;1720;1720;211;69;68; Tag #:  51  of  60;3589735;10/09/2026;Jueves;0;;;;;;;;N;Facturable;A630-420H;0;68;
ASR-245/1;42;25;16;1720;1720;211;69;68; Tag #:  52  of  60;3589736;10/09/2026;Jueves;0;;;;;;;;N;Facturable;A630-420H;0;68;
ASR-245/1;42;25;16;1720;1720;211;69;68; Tag #:  53  of  60;3589737;10/09/2026;Jueves;0;;;;;;;;N;Facturable;A630-420H;0;68;
ASR-245/1;42;25;16;1720;1720;211;69;68; Tag #:  54  of  60;3589738;10/09/2026;Jueves;0;;;;;;;;N;Facturable;A630-420H;0;68;
ASR-245/1;42;25;16;1720;1720;211;69;68; Tag #:  55  of  60;3589739;10/09/2026;Jueves;0;;;;;;;;N;Facturable;A630-420H;0;68;
ASR-245/1;42;18;16;1720;1720;211;49;49; Tag #:  56  of  60;3589740;10/09/2026;Jueves;0;;;;;;;;N;Facturable;A630-420H;0;49;
ASR-245/1;43 v1;4;16;1366;1286;3;9;8; Tag #:  57  of  60;3589741;10/09/2026;Jueves;0;;;;;;;;N;Facturable;A630-420H;0;9;
BESP-19/1;9;432;16;1450;1410;2;1000;962; Tag #:  56  of  66;3599441;08/09/2026;Martes;1;04/09/2026;03:44:15;Eura 16;dlopez;;;;N;Facturable;A630-420H;0;990;
BESP-19/1;9;432;16;1450;1410;2;1000;962; Tag #:  57  of  66;3599442;08/09/2026;Martes;1;04/09/2026;00:31:05;Eura 16;dlopez;;;;N;Facturable;A630-420H;0;990;
BESP-19/1;6;69;16;9000;8960;2;991;977; Tag #:  1  of  66;3599386;08/09/2026;Martes;1;04/09/2026;11:00:32;Eura 16;dlopez;;;;N;Facturable;A630-420H;0;981;
BESP-19/1;6;69;16;9000;8960;2;991;977; Tag #:  2  of  66;3599387;08/09/2026;Martes;1;04/09/2026;12:22:15;Eura 16;dlopez;;;;N;Facturable;A630-420H;0;981;
BESP-19/1;6;69;16;9000;8960;2;991;977; Tag #:  3  of  66;3599388;08/09/2026;Martes;1;04/09/2026;15:06:55;Eura 16;dlopez;;;;N;Facturable;A630-420H;0;981;
BESP-19/1;6;69;16;9000;8960;2;991;977; Tag #:  4  of  66;3599389;08/09/2026;Martes;1;04/09/2026;16:00:50;Eura 16;dlopez;;;;N;Facturable;A630-420H;0;981;
BESP-19/1;6;66;16;9000;8960;2;948;934; Tag #:  5  of  66;3599390;08/09/2026;Martes;1;04/09/2026;16:35:10;Eura 16;dlopez;;;;N;Facturable;A630-420H;0;939;
BESP-19/1;7;121;16;5150;5110;2;995;977; Tag #:  6  of  66;3599391;08/09/2026;Martes;1;03/09/2026;15:13:42;Eura 16;dlopez;;;;N;Facturable;A630-420H;0;985;
BESP-19/1;7;121;16;5150;5110;2;995;977; Tag #:  7  of  66;3599392;08/09/2026;Martes;1;03/09/2026;16:28:50;Eura 16;dlopez;;;;N;Facturable;A630-420H;0;985;
BESP-19/1;7;100;16;5150;5110;2;822;807; Tag #:  8  of  66;3599393;08/09/2026;Martes;1;03/09/2026;17:31:59;Eura 16;dlopez;;;;N;Facturable;A630-420H;0;814;
BESP-19/1;8;158;16;3950;3870;3;996;966; Tag #:  9  of  66;3599394;08/09/2026;Martes;1;02/09/2026;23:24:45;Eura 16;dlopez;;;;N;Facturable;A630-420H;0;986;
BESP-19/1;8;158;16;3950;3870;3;996;966; Tag #:  10  of  66;3599395;08/09/2026;Martes;1;02/09/2026;23:26:03;Eura 16;dlopez;;;;N;Facturable;A630-420H;0;986;
BESP-19/1;8;158;16;3950;3870;3;996;966; Tag #:  11  of  66;3599396;08/09/2026;Martes;1;02/09/2026;23:26:25;Eura 16;dlopez;;;;N;Facturable;A630-420H;0;986;
BESP-19/1;8;158;16;3950;3870;3;996;966; Tag #:  12  of  66;3599397;08/09/2026;Martes;1;02/09/2026;16:35:59;Eura 16;dlopez;;;;N;Facturable;A630-420H;0;986;
BESP-19/1;8;158;16;3950;3870;3;996;966; Tag #:  13  of  66;3599398;08/09/2026;Martes;1;03/09/2026;00:36:41;Eura 16;dlopez;;;;N;Facturable;A630-420H;0;986;
BESP-19/1;8;158;16;3950;3870;3;996;966; Tag #:  14  of  66;3599399;08/09/2026;Martes;1;02/09/2026;15:56:25;Eura 16;dlopez;;;;N;Facturable;A630-420H;0;986;
BESP-19/1;8;158;16;3950;3870;3;996;966; Tag #:  15  of  66;3599400;08/09/2026;Martes;1;02/09/2026;15:56:01;Eura 16;dlopez;;;;N;Facturable;A630-420H;0;986;
BESP-19/1;8;82;16;3950;3870;3;517;501; Tag #:  16  of  66;3599401;08/09/2026;Martes;1;03/09/2026;11:47:02;Eura 16;dlopez;;;;N;Facturable;A630-420H;0;512;
CHSA-4/2;10;2;16;4270;4190;3;14;13; Tag #:  31  of  46;3591880;07/09/2026;Lunes;1;21/08/2026;08:48:31;Eura 16;dlopez;;;;N;Facturable;A630-420H;0;14;
CHSA-4/2;10A;2;16;2950;2870;3;9;9; Tag #:  32  of  46;3591881;07/09/2026;Lunes;1;21/08/2026;08:56:09;Eura 16;dlopez;;;;N;Facturable;A630-420H;0;9;
CHSA-4/2;10;2;16;4270;4190;3;14;13; Tag #:  38  of  46;3591887;07/09/2026;Lunes;1;21/08/2026;08:48:26;Eura 16;dlopez;;;;N;Facturable;A630-420H;0;14;
CHSA-4/2;10A;2;16;2950;2870;3;9;9; Tag #:  39  of  46;3591888;07/09/2026;Lunes;1;21/08/2026;08:56:15;Eura 16;dlopez;;;;N;Facturable;A630-420H;0;9;
CHSA-4/2;4b;8;16;4240;4160;3;54;53; Tag #:  7  of  46;3591856;07/09/2026;Lunes;1;21/08/2026;08:39:27;Eura 16;dlopez;;;;N;Facturable;A630-420H;0;54;
CHSA-4/2;4c;8;16;2920;2840;3;37;36; Tag #:  8  of  46;3591857;07/09/2026;Lunes;1;21/08/2026;08:32:59;Eura 16;dlopez;;;;N;Facturable;A630-420H;0;37;
CHSA-4/2;6a (ESQ);4;16;4770;4690;3;30;30; Tag #:  13  of  46;3591862;07/09/2026;Lunes;1;21/08/2026;03:39:04;Eura 16;dlopez;;;;N;Facturable;A630-420H;0;30;
CHSA-4/2;11;2;16;4770;4690;3;15;15; Tag #:  16  of  46;3591865;07/09/2026;Lunes;1;21/08/2026;08:51:34;Eura 16;dlopez;;;;N;Facturable;A630-420H;0;15;
CHSA-4/2;6a (ESQ);4;16;4770;4690;3;30;30; Tag #:  22  of  46;3591871;07/09/2026;Lunes;1;21/08/2026;03:38:47;Eura 16;dlopez;;;;N;Facturable;A630-420H;0;30;
CHSA-4/2;11;2;16;4770;4690;3;15;15; Tag #:  25  of  46;3591874;07/09/2026;Lunes;1;21/08/2026;08:51:28;Eura 16;dlopez;;;;N;Facturable;A630-420H;0;15;
CHSA-4/2;3b;8;16;4740;4660;3;61;59; Tag #:  3  of  46;3591852;07/09/2026;Lunes;1;21/08/2026;08:44:10;Eura 16;dlopez;;;;N;Facturable;A630-420H;0;60;
CHSA-4/2;3c;8;16;3420;3340;3;44;42; Tag #:  4  of  46;3591853;07/09/2026;Lunes;1;21/08/2026;08:27:32;Eura 16;dlopez;;;;N;Facturable;A630-420H;0;44;
CHSA-4/2;6;14;16;5250;5170;3;117;114; Tag #:  10  of  46;3591859;07/09/2026;Lunes;1;21/08/2026;03:51:29;Eura 16;dlopez;;;;N;Facturable;A630-420H;0;116;
CHSA-4/2;6a;14;16;4770;4690;3;107;104; Tag #:  11  of  46;3591860;07/09/2026;Lunes;1;21/08/2026;03:39:13;Eura 16;dlopez;;;;N;Facturable;A630-420H;0;106;
CHSA-4/2;6 ESQ;4;16;5250;5170;3;34;33; Tag #:  12  of  46;3591861;07/09/2026;Lunes;1;21/08/2026;04:25:03;Eura 16;dlopez;;;;N;Facturable;A630-420H;0;34;
CHSA-4/2;11A;2;16;3450;3370;3;11;11; Tag #:  17  of  46;3591866;07/09/2026;Lunes;1;21/08/2026;08:54:07;Eura 16;dlopez;;;;N;Facturable;A630-420H;0;11;
CHSA-4/2;6;14;16;5250;5170;3;117;114; Tag #:  19  of  46;3591868;07/09/2026;Lunes;1;21/08/2026;03:51:19;Eura 16;dlopez;;;;N;Facturable;A630-420H;0;116;
CHSA-4/2;6a;14;16;4770;4690;3;107;104; Tag #:  20  of  46;3591869;07/09/2026;Lunes;1;21/08/2026;03:38:55;Eura 16;dlopez;;;;N;Facturable;A630-420H;0;106;
CHSA-4/2;6 ESQ;4;16;5250;5170;3;34;33; Tag #:  21  of  46;3591870;07/09/2026;Lunes;1;21/08/2026;04:24:40;Eura 16;dlopez;;;;N;Facturable;A630-420H;0;34;
CHSA-4/2;11A;2;16;3450;3370;3;11;11; Tag #:  26  of  46;3591875;07/09/2026;Lunes;1;21/08/2026;08:54:01;Eura 16;dlopez;;;;N;Facturable;A630-420H;0;11;
CHSA-4/2;6;12;16;5250;5170;3;101;98; Tag #:  28  of  46;3591877;07/09/2026;Lunes;1;21/08/2026;04:24:47;Eura 16;dlopez;;;;N;Facturable;A630-420H;0;100;
CHSA-4/2;6A;12;16;4770;4690;3;91;89; Tag #:  29  of  46;3591878;07/09/2026;Lunes;1;21/08/2026;03:39:22;Eura 16;dlopez;;;;N;Facturable;A630-420H;0;90;
CHSA-4/2;6;12;16;5250;5170;3;101;98; Tag #:  35  of  46;3591884;07/09/2026;Lunes;1;21/08/2026;04:17:31;Eura 16;dlopez;;;;N;Facturable;A630-420H;0;100;
CHSA-4/2;6A;12;16;4770;4690;3;91;89; Tag #:  36  of  46;3591885;07/09/2026;Lunes;1;21/08/2026;03:39:30;Eura 16;dlopez;;;;N;Facturable;A630-420H;0;90;
CHSA-5/2;11;19;16;5020;4940;3;152;148; Tag #:  6  of  74;3591901;07/09/2026;Lunes;1;21/08/2026;09:23:00;Eura 16;dlopez;;;;N;Facturable;A630-420H;0;151;
CHSA-5/2;9;8;16;5720;5640;3;73;71; Tag #:  12  of  74;3591907;07/09/2026;Lunes;1;21/08/2026;11:23:02;Eura 16;dlopez;;;;N;Facturable;A630-420H;0;72;
CHSA-5/2;9;11;16;5720;5640;3;100;98; Tag #:  22  of  74;3591917;07/09/2026;Lunes;1;21/08/2026;11:22:54;Eura 16;dlopez;;;;N;Facturable;A630-420H;0;99;
CHSA-5/2;11 Horiz;38;16;5020;4940;3;304;297; Tag #:  26  of  74;3591921;07/09/2026;Lunes;1;21/08/2026;09:23:20;Eura 16;dlopez;;;;N;Facturable;A630-420H;0;301;
CHSA-5/2;3;4;16;5020;4940;3;32;31; Tag #:  27  of  74;3591922;07/09/2026;Lunes;1;21/08/2026;09:23:15;Eura 16;dlopez;;;;N;Facturable;A630-420H;0;32;
CHSA-5/2;3a;2;16;5020;4940;3;16;16; Tag #:  9  of  74;3591904;07/09/2026;Lunes;1;21/08/2026;09:22:53;Eura 16;dlopez;;;;N;Facturable;A630-420H;0;16;
CHSA-5/2;11;19;16;5020;4940;3;152;148; Tag #:  16  of  74;3591911;07/09/2026;Lunes;1;21/08/2026;09:23:06;Eura 16;dlopez;;;;N;Facturable;A630-420H;0;151;
CHSA-5/2;3a;2;16;5020;4940;3;16;16; Tag #:  19  of  74;3591914;07/09/2026;Lunes;1;21/08/2026;09:23:10;Eura 16;dlopez;;;;N;Facturable;A630-420H;0;16;
CHSA-5/2;9;18;16;5720;5640;3;164;160; Tag #:  30  of  74;3591925;07/09/2026;Lunes;1;21/08/2026;11:22:43;Eura 16;dlopez;;;;N;Facturable;A630-420H;0;162;
CHSA-5/2;9 vert;25;16;5700;5620;3;227;222; Tag #:  40  of  74;3591935;07/09/2026;Lunes;1;21/08/2026;11:36:28;Eura 16;dlopez;;;;N;Facturable;A630-420H;0;225;
CHSA-6/2;11 horiz;38;16;5770;5690;3;350;342; Tag #:  22  of  88;3591991;07/09/2026;Lunes;1;25/08/2026;00:34:57;Eura 16;dlopez;;;;N;Facturable;A630-420H;0;347;
CHSA-6/2;11a (Horiz);38;16;4550;4470;3;276;268; Tag #:  23  of  88;3591992;07/09/2026;Lunes;1;25/08/2026;04:22:15;Eura 16;dlopez;;;;N;Facturable;A630-420H;0;273;
CHSA-6/2;3 Sup;4;16;5770;5690;3;37;36; Tag #:  24  of  88;3591993;07/09/2026;Lunes;1;25/08/2026;00:35:08;Eura 16;dlopez;;;;N;Facturable;A630-420H;0;37;
CHSA-6/2;9b;10;16;4920;4840;3;79;76; Tag #:  30  of  88;3591999;07/09/2026;Lunes;1;24/08/2026;16:15:27;Eura 16;dlopez;;;;N;Facturable;A630-420H;0;78;
CHSA-6/2;8a;36;16;7190;7110;3;413;404; Tag #:  6  of  88;3591975;07/09/2026;Lunes;1;25/08/2026;00:17:53;Eura 16;dlopez;;;;N;Facturable;A630-420H;0;409;
CHSA-6/2;9 Vert en  escotilla;28;16;4920;4840;3;220;214; Tag #:  39  of  88;3592008;07/09/2026;Lunes;1;24/08/2026;16:15:35;Eura 16;dlopez;;;;N;Facturable;A630-420H;0;218;
CHSA-6/2;9 vert;50;16;5700;5620;3;455;444; Tag #:  48  of  88;3592017;07/09/2026;Lunes;1;25/08/2026;04:21:03;Eura 16;dlopez;;;;N;Facturable;A630-420H;0;451;
CHSA-6/2;17;32;16;1800;1800;1;92;91; Tag #:  50  of  88;3592019;07/09/2026;Lunes;1;25/08/2026;00:16:08;Eura 16;dlopez;;;;N;Facturable;A630-420H;0;91;
CHSA-6/2;Fe Inf;8;16;4140;4060;3;53;51; Tag #:  64  of  88;3592033;07/09/2026;Lunes;1;25/08/2026;00:16:27;Eura 16;dlopez;;;;N;Facturable;A630-420H;0;53;
CHSA-6/2;11 horiz;38;16;5770;5690;3;350;342; Tag #:  10  of  88;3591979;07/09/2026;Lunes;1;25/08/2026;00:14:35;Eura 16;dlopez;;;;N;Facturable;A630-420H;0;347;
CHSA-6/2;3 Sup;4;16;5770;5690;3;37;36; Tag #:  12  of  88;3591981;07/09/2026;Lunes;1;25/08/2026;00:35:02;Eura 16;dlopez;;;;N;Facturable;A630-420H;0;37;
CHSA-6/2;9b Vert3;16;16;4920;4840;3;126;122; Tag #:  18  of  88;3591987;07/09/2026;Lunes;1;24/08/2026;16:15:20;Eura 16;dlopez;;;;N;Facturable;A630-420H;0;125;
CHSA-6/2;11 Horz;76;16;5770;5690;3;700;683; Tag #:  34  of  88;3592003;07/09/2026;Lunes;1;25/08/2026;02:14:46;Eura 16;dlopez;;;;N;Facturable;A630-420H;0;693;
CHSA-6/2;3 Super;8;16;5770;5690;3;74;72; Tag #:  35  of  88;3592004;07/09/2026;Lunes;1;25/08/2026;00:14:30;Eura 16;dlopez;;;;N;Facturable;A630-420H;0;73;
CHSA-6/2;9a (Vert escotilla);50;16;4290;4210;9;342;333; Tag #:  59  of  88;3592028;07/09/2026;Lunes;1;24/08/2026;16:31:25;Eura 16;dlopez;;;;N;Facturable;A630-420H;0;339;
CHSA-6/2;17 refzo;32;16;1800;1800;1;92;91; Tag #:  60  of  88;3592029;07/09/2026;Lunes;1;25/08/2026;00:15:47;Eura 16;dlopez;;;;N;Facturable;A630-420H;0;91;
CHSA-6/2;Fe Sup;10;16;5060;4980;3;81;79; Tag #:  63  of  88;3592032;07/09/2026;Lunes;1;25/08/2026;04:21:12;Eura 16;dlopez;;;;N;Facturable;A630-420H;0;80;
PR14-37/1;16005;4;16;5980;5900;3;38;37; Tag #:  5  of  24;3598750;07/09/2026;Lunes;1;03/09/2026;09:34:08;Eura 16;dlopez;;;;N;Facturable;A630-420H;0;38;
PR14-37/1;16006;4;16;2270;2230;2;14;14; Tag #:  6  of  24;3598751;07/09/2026;Lunes;1;03/09/2026;09:16:29;Eura 16;dlopez;;;;N;Facturable;A630-420H;0;14;
PR14-37/1;16007;4;16;3370;3330;2;22;21; Tag #:  7  of  24;3598752;07/09/2026;Lunes;1;03/09/2026;09:16:39;Eura 16;dlopez;;;;N;Facturable;A630-420H;0;22;
PR14-37/1;16008;4;16;9580;9500;3;61;60; Tag #:  8  of  24;3598753;07/09/2026;Lunes;1;03/09/2026;09:33:52;Eura 16;dlopez;;;;N;Facturable;A630-420H;0;60;
PR14-37/1;16001;83;16;2930;2850;3;388;374; Tag #:  1  of  24;3598746;07/09/2026;Lunes;1;03/09/2026;11:31:09;Eura 16;dlopez;;;;N;Facturable;A630-420H;0;384;
PR14-37/1;16002;102;16;2880;2800;3;469;451; Tag #:  2  of  24;3598747;07/09/2026;Lunes;1;03/09/2026;11:30:44;Eura 16;dlopez;;;;N;Facturable;A630-420H;0;464;
PR14-37/1;16003;4;16;8380;8300;3;53;52; Tag #:  3  of  24;3598748;07/09/2026;Lunes;1;03/09/2026;09:34:00;Eura 16;dlopez;;;;N;Facturable;A630-420H;0;53;
PR14-37/1;16004;4;16;10880;10800;3;69;68; Tag #:  4  of  24;3598749;07/09/2026;Lunes;1;03/09/2026;09:33:44;Eura 16;dlopez;;;;N;Facturable;A630-420H;0;68;
PR14-39/1;16041;60;16;2930;2850;3;281;270; Tag #:  1  of  14;3598792;11/09/2026;Viernes;1;04/09/2026;04:07:02;Eura 16;dlopez;;;;N;Facturable;A630-420H;0;278;
PR14-39/1;16042;88;16;2870;2790;3;403;388; Tag #:  2  of  14;3598793;11/09/2026;Viernes;1;04/09/2026;03:57:00;Eura 16;dlopez;;;;N;Facturable;A630-420H;0;399;
PR14-39/1;16043;8;16;6280;6200;3;80;78; Tag #:  3  of  14;3598794;11/09/2026;Viernes;1;04/09/2026;04:15:22;Eura 16;dlopez;;;;N;Facturable;A630-420H;0;79;
PR14-39/1;16044;8;16;9380;9300;3;120;118; Tag #:  4  of  14;3598795;11/09/2026;Viernes;1;04/09/2026;04:19:56;Eura 16;dlopez;;;;N;Facturable;A630-420H;0;119;
PR14-41/1;16203;4;16;3390;3270;4;22;21; Tag #:  20  of  56;3598841;07/09/2026;Lunes;1;04/09/2026;00:20:05;Eura 16;dlopez;;;;N;Facturable;A630-420H;0;22;
PR14-41/1;16204;8;16;1500;1500;102;19;19; Tag #:  21  of  56;3598842;07/09/2026;Lunes;1;04/09/2026;00:22:43;Eura 16;dlopez;;;;N;Facturable;A630-420H;0;19;
PR14-41/1;16205;8;16;1140;1140;102;15;14; Tag #:  22  of  56;3598843;07/09/2026;Lunes;1;04/09/2026;00:23:50;Eura 16;dlopez;;;;N;Facturable;A630-420H;0;15;
PR14-41/1;16201;8;16;4100;3980;4;52;50; Tag #:  30  of  56;3598851;07/09/2026;Lunes;1;04/09/2026;00:18:07;Eura 16;dlopez;;;;N;Facturable;A630-420H;0;52;
PR14-41/1;16202;8;16;3030;2910;4;39;37; Tag #:  31  of  56;3598852;07/09/2026;Lunes;1;04/09/2026;00:21:06;Eura 16;dlopez;;;;N;Facturable;A630-420H;0;39;
PR14-41/1;16203;4;16;3390;3270;4;22;21; Tag #:  32  of  56;3598853;07/09/2026;Lunes;1;04/09/2026;00:19:34;Eura 16;dlopez;;;;N;Facturable;A630-420H;0;22;
PR14-41/1;16204;8;16;1500;1500;102;19;19; Tag #:  33  of  56;3598854;07/09/2026;Lunes;1;04/09/2026;00:22:58;Eura 16;dlopez;;;;N;Facturable;A630-420H;0;19;
PR14-41/1;16201;8;16;4100;3980;4;52;50; Tag #:  42  of  56;3598863;07/09/2026;Lunes;1;04/09/2026;00:18:46;Eura 16;dlopez;;;;N;Facturable;A630-420H;0;52;
PR14-41/1;16201;8;16;4100;3980;4;52;50; Tag #:  6  of  56;3598827;07/09/2026;Lunes;1;04/09/2026;00:18:22;Eura 16;dlopez;;;;N;Facturable;A630-420H;0;52;
PR14-41/1;16202;8;16;3030;2910;4;39;37; Tag #:  7  of  56;3598828;07/09/2026;Lunes;1;04/09/2026;00:20:57;Eura 16;dlopez;;;;N;Facturable;A630-420H;0;39;
PR14-41/1;16203;4;16;3390;3270;4;22;21; Tag #:  8  of  56;3598829;07/09/2026;Lunes;1;04/09/2026;00:19:57;Eura 16;dlopez;;;;N;Facturable;A630-420H;0;22;
PR14-41/1;16204;8;16;1500;1500;102;19;19; Tag #:  9  of  56;3598830;07/09/2026;Lunes;1;04/09/2026;00:23:06;Eura 16;dlopez;;;;N;Facturable;A630-420H;0;19;
PR14-41/1;16205;8;16;1140;1140;102;15;14; Tag #:  10  of  56;3598831;07/09/2026;Lunes;1;04/09/2026;00:24:01;Eura 16;dlopez;;;;N;Facturable;A630-420H;0;15;
PR14-41/1;16202;8;16;3030;2910;4;39;37; Tag #:  43  of  56;3598864;07/09/2026;Lunes;1;04/09/2026;00:21:24;Eura 16;dlopez;;;;N;Facturable;A630-420H;0;39;
PR14-41/1;16203;4;16;3390;3270;4;22;21; Tag #:  44  of  56;3598865;07/09/2026;Lunes;1;04/09/2026;00:19:48;Eura 16;dlopez;;;;N;Facturable;A630-420H;0;22;
PR14-41/1;16204;8;16;1500;1500;102;19;19; Tag #:  45  of  56;3598866;07/09/2026;Lunes;1;04/09/2026;00:22:51;Eura 16;dlopez;;;;N;Facturable;A630-420H;0;19;
PR14-41/1;16205;8;16;1140;1140;102;15;14; Tag #:  46  of  56;3598867;07/09/2026;Lunes;1;04/09/2026;00:23:41;Eura 16;dlopez;;;;N;Facturable;A630-420H;0;15;
PR14-41/1;16211;4;16;3140;3020;4;20;19; Tag #:  53  of  56;3598874;07/09/2026;Lunes;1;04/09/2026;00:20:47;Eura 16;dlopez;;;;N;Facturable;A630-420H;0;20;
PR14-41/1;16212;8;16;2670;2550;4;34;32; Tag #:  54  of  56;3598875;07/09/2026;Lunes;1;04/09/2026;00:22:12;Eura 16;dlopez;;;;N;Facturable;A630-420H;0;34;
PR14-41/1;16213;16;16;1200;1200;102;31;30; Tag #:  55  of  56;3598876;07/09/2026;Lunes;1;04/09/2026;00:24:28;Eura 16;dlopez;;;;N;Facturable;A630-420H;0;31;
PR14-41/1;16205;8;16;1140;1140;102;15;14; Tag #:  34  of  56;3598855;07/09/2026;Lunes;1;04/09/2026;00:23:31;Eura 16;dlopez;;;;N;Facturable;A630-420H;0;15;
PR14-41/1;16201;8;16;4100;3980;4;52;50; Tag #:  18  of  56;3598839;07/09/2026;Lunes;1;04/09/2026;00:18:34;Eura 16;dlopez;;;;N;Facturable;A630-420H;0;52;
PR14-41/1;16202;8;16;3030;2910;4;39;37; Tag #:  19  of  56;3598840;07/09/2026;Lunes;1;04/09/2026;00:21:35;Eura 16;dlopez;;;;N;Facturable;A630-420H;0;39;
PR14-43/1;16241;8;16;3840;3720;4;49;47; Tag #:  5  of  20;3598902;11/09/2026;Viernes;1;04/09/2026;04:45:13;Eura 16;dlopez;;;;N;Facturable;A630-420H;0;49;
PR14-43/1;16242;4;16;2890;2770;4;18;18; Tag #:  6  of  20;3598903;11/09/2026;Viernes;1;04/09/2026;08:29:07;Eura 16;dlopez;;;;N;Facturable;A630-420H;0;18;
PR14-43/1;16241;8;16;3840;3720;4;49;47; Tag #:  15  of  20;3598912;11/09/2026;Viernes;1;04/09/2026;04:45:20;Eura 16;dlopez;;;;N;Facturable;A630-420H;0;49;
PR14-43/1;16242;4;16;2890;2770;4;18;18; Tag #:  16  of  20;3598913;11/09/2026;Viernes;1;04/09/2026;08:29:11;Eura 16;dlopez;;;;N;Facturable;A630-420H;0;18;
PR14-43/1;16243;8;16;1500;1500;102;19;19; Tag #:  17  of  20;3598914;11/09/2026;Viernes;1;04/09/2026;08:45:30;Eura 16;dlopez;;;;N;Facturable;A630-420H;0;19;
PR14-43/1;16244;8;16;1300;1300;102;17;16; Tag #:  18  of  20;3598915;11/09/2026;Viernes;1;04/09/2026;08:40:23;Eura 16;dlopez;;;;N;Facturable;A630-420H;0;17;
PR14-43/1;16243;8;16;1500;1500;102;19;19; Tag #:  7  of  20;3598904;11/09/2026;Viernes;1;04/09/2026;08:49:44;Eura 16;dlopez;;;;N;Facturable;A630-420H;0;19;
PR14-43/1;16244;8;16;1300;1300;102;17;16; Tag #:  8  of  20;3598905;11/09/2026;Viernes;1;04/09/2026;08:39:20;Eura 16;dlopez;;;;N;Facturable;A630-420H;0;17;
SAR2-42/1;1;276;16;1650;1610;2;727;702; Tag #:  1  of  13;3599502;11/09/2026;Viernes;1;03/09/2026;03:42:19;Eura 16;dlopez;;;;N;Facturable;A630-420H;0;720;
SAR2-43/1;1;276;16;1650;1610;2;727;702; Tag #:  6  of  18;3599520;11/09/2026;Viernes;1;03/09/2026;04:28:05;Eura 16;dlopez;;;;N;Facturable;A630-420H;0;720;
ASR-227/1;J1;12;18;1800;1700;3;44;41; Tag #:  28  of  30;3585784;09/09/2026;Miercoles;0;;;;;;;;N;Facturable;A630-420H;0;44;
ASR-227/1;10;143;18;3450;3400;2;997;972; Tag #:  7  of  30;3585763;09/09/2026;Miercoles;0;;;;;;;;N;Facturable;A630-420H;0;987;
ASR-227/1;10;143;18;3450;3400;2;997;972; Tag #:  8  of  30;3585764;09/09/2026;Miercoles;0;;;;;;;;N;Facturable;A630-420H;0;987;
ASR-227/1;10;143;18;3450;3400;2;997;972; Tag #:  9  of  30;3585765;09/09/2026;Miercoles;0;;;;;;;;N;Facturable;A630-420H;0;987;
ASR-227/1;10;143;18;3450;3400;2;997;972; Tag #:  10  of  30;3585766;09/09/2026;Miercoles;0;;;;;;;;N;Facturable;A630-420H;0;987;
ASR-227/1;10;143;18;3450;3400;2;997;972; Tag #:  11  of  30;3585767;09/09/2026;Miercoles;0;;;;;;;;N;Facturable;A630-420H;0;987;
ASR-227/1;10;21;18;3450;3400;2;146;143; Tag #:  12  of  30;3585768;09/09/2026;Miercoles;0;;;;;;;;N;Facturable;A630-420H;0;145;
ASR-228/1;10;143;18;3450;3400;2;997;972; Tag #:  7  of  30;3585793;10/09/2026;Jueves;0;;;;;;;;N;Facturable;A630-420H;0;987;
ASR-228/1;10;143;18;3450;3400;2;997;972; Tag #:  8  of  30;3585794;10/09/2026;Jueves;0;;;;;;;;N;Facturable;A630-420H;0;987;
ASR-228/1;10;143;18;3450;3400;2;997;972; Tag #:  9  of  30;3585795;10/09/2026;Jueves;0;;;;;;;;N;Facturable;A630-420H;0;987;
ASR-228/1;10;143;18;3450;3400;2;997;972; Tag #:  10  of  30;3585796;10/09/2026;Jueves;0;;;;;;;;N;Facturable;A630-420H;0;987;
ASR-228/1;10;143;18;3450;3400;2;997;972; Tag #:  11  of  30;3585797;10/09/2026;Jueves;0;;;;;;;;N;Facturable;A630-420H;0;987;
ASR-228/1;10;21;18;3450;3400;2;146;143; Tag #:  12  of  30;3585798;10/09/2026;Jueves;0;;;;;;;;N;Facturable;A630-420H;0;145;
ASR-228/1;J1;12;18;1800;1700;3;44;41; Tag #:  28  of  30;3585814;10/09/2026;Jueves;0;;;;;;;;N;Facturable;A630-420H;0;44;
ASR-233/1;13 VERT;145;18;3400;3400;1;996;986; Tag #:  7  of  34;3588269;11/09/2026;Viernes;0;;;;;;;;N;Facturable;A630-420H;0;986;
ASR-233/1;13 VERT;145;18;3400;3400;1;996;986; Tag #:  8  of  34;3588270;11/09/2026;Viernes;0;;;;;;;;N;Facturable;A630-420H;0;986;
ASR-233/1;13 VERT;80;18;3400;3400;1;549;544; Tag #:  9  of  34;3588271;11/09/2026;Viernes;0;;;;;;;;N;Facturable;A630-420H;0;544;
ASR-233/1;J1  (JD);12;18;1410;1310;3;34;31; Tag #:  31  of  34;3588293;11/09/2026;Viernes;0;;;;;;;;N;Facturable;A630-420H;0;34;
ASR-244/1;13;64;18;2175;2075;3;281;266; Tag #:  8  of  19;3589673;10/09/2026;Jueves;0;;;;;;;;N;Facturable;A630-420H;0;278;
ASR-244/1;11;22;18;5760;5710;398;256;251; Tag #:  9  of  19;3589674;10/09/2026;Jueves;0;;;;;;;;N;Facturable;A630-420H;0;254;
ASR-244/1;14 (horz costado);92;18;3340;3240;3;621;596; Tag #:  10  of  19;3589675;10/09/2026;Jueves;0;;;;;;;;N;Facturable;A630-420H;0;615;
ASR-244/1;P1 (REFZO);6;18;2510;2510;1;30;30; Tag #:  15  of  19;3589680;10/09/2026;Jueves;0;;;;;;;;N;Facturable;A630-420H;0;30;
ASR-244/1;P2 (REFZO);4;18;2360;2310;2;19;18; Tag #:  16  of  19;3589681;10/09/2026;Jueves;0;;;;;;;;N;Facturable;A630-420H;0;19;
ASR-244/1;P3 (REFZO);4;18;2320;2320;79;19;19; Tag #:  17  of  19;3589682;10/09/2026;Jueves;0;;;;;;;;N;Facturable;A630-420H;0;19;
ASR-244/1;14a;36;18;2185;2085;3;159;150; Tag #:  11  of  19;3589676;10/09/2026;Jueves;0;;;;;;;;N;Facturable;A630-420H;0;157;
ASR-244/1;11 (vert costado);44;18;5775;5725;398;513;504; Tag #:  12  of  19;3589677;10/09/2026;Jueves;0;;;;;;;;N;Facturable;A630-420H;0;508;
ASR-244/1;11a (en canaleta);20;18;4770;4720;398;193;189; Tag #:  13  of  19;3589678;10/09/2026;Jueves;0;;;;;;;;N;Facturable;A630-420H;0;191;
ASR-244/1;12;8;18;4620;4620;274;75;74; Tag #:  14  of  19;3589679;10/09/2026;Jueves;0;;;;;;;;N;Facturable;A630-420H;0;74;
ASR-244/1;7;18;18;3940;3890;34;143;140; Tag #:  4  of  19;3589669;10/09/2026;Jueves;0;;;;;;;;N;Facturable;A630-420H;0;142;
ASR-244/1;8;18;18;3920;3870;82;143;139; Tag #:  5  of  19;3589670;10/09/2026;Jueves;0;;;;;;;;N;Facturable;A630-420H;0;142;
ASR-245/1;31 v1;1;18;2800;2800;164;6;6; Tag #:  29  of  60;3589713;10/09/2026;Jueves;0;;;;;;;;N;Facturable;A630-420H;0;6;
ASR-245/1;27 v1;2;18;6300;6300;164;25;25; Tag #:  18  of  60;3589702;10/09/2026;Jueves;0;;;;;;;;N;Facturable;A630-420H;0;25;
ASR-245/1;27 v2;2;18;6100;6100;164;25;24; Tag #:  19  of  60;3589703;10/09/2026;Jueves;0;;;;;;;;N;Facturable;A630-420H;0;25;
ASR-245/1;27 v3;2;18;5900;5900;164;24;24; Tag #:  20  of  60;3589704;10/09/2026;Jueves;0;;;;;;;;N;Facturable;A630-420H;0;24;
ASR-245/1;29 v2;1;18;7450;7450;239;15;15; Tag #:  26  of  60;3589710;10/09/2026;Jueves;0;;;;;;;;N;Facturable;A630-420H;0;15;
ASR-245/1;29 v3;1;18;6510;6510;239;13;13; Tag #:  27  of  60;3589711;10/09/2026;Jueves;0;;;;;;;;N;Facturable;A630-420H;0;13;
ASR-245/1;27 v4;2;18;5700;5700;164;23;23; Tag #:  21  of  60;3589705;10/09/2026;Jueves;0;;;;;;;;N;Facturable;A630-420H;0;23;
ASR-245/1;27 v5;2;18;5500;5500;164;22;22; Tag #:  22  of  60;3589706;10/09/2026;Jueves;0;;;;;;;;N;Facturable;A630-420H;0;22;
ASR-245/1;27 v6;2;18;5300;5300;164;21;21; Tag #:  23  of  60;3589707;10/09/2026;Jueves;0;;;;;;;;N;Facturable;A630-420H;0;21;
ASR-245/1;25_25a;48;18;5500;5500;164;533;528; Tag #:  15  of  60;3589699;10/09/2026;Jueves;0;;;;;;;;N;Facturable;A630-420H;0;528;
ASR-245/1;29 v1;1;18;8400;8400;239;17;17; Tag #:  25  of  60;3589709;10/09/2026;Jueves;0;;;;;;;;N;Facturable;A630-420H;0;17;
ASR-245/1;31 v2;1;18;2800;2800;164;6;6; Tag #:  30  of  60;3589714;10/09/2026;Jueves;0;;;;;;;;N;Facturable;A630-420H;0;6;
ASR-245/1;31 v3;1;18;2800;2800;164;6;6; Tag #:  31  of  60;3589715;10/09/2026;Jueves;0;;;;;;;;N;Facturable;A630-420H;0;6;
CHSA-3/2;7 Esq fundac;2;18;4410;4310;3;18;17; Tag #:  8  of  83;3591764;07/09/2026;Lunes;1;26/08/2026;16:53:04;Robomaster 60;BPACO;;;;N;Facturable;A630-420H;0;18;
CHSA-3/2;7a Esq fund;2;18;5730;5630;3;23;23; Tag #:  9  of  83;3591765;07/09/2026;Lunes;1;26/08/2026;16:53:33;Robomaster 60;BPACO;;;;N;Facturable;A630-420H;0;23;
CHSA-3/2;7;17;18;4410;4310;3;151;147; Tag #:  1  of  83;3591757;07/09/2026;Lunes;1;26/08/2026;16:52:53;Robomaster 60;BPACO;;;;N;Facturable;A630-420H;0;150;
CHSA-3/2;7a;17;18;5730;5630;3;197;191; Tag #:  2  of  83;3591758;07/09/2026;Lunes;1;26/08/2026;16:53:27;Robomaster 60;BPACO;;;;N;Facturable;A630-420H;0;195;
CHSA-3/2;7 Esq fundac;2;18;4410;4310;3;18;17; Tag #:  20  of  83;3591776;07/09/2026;Lunes;1;26/08/2026;16:53:11;Robomaster 60;BPACO;;;;N;Facturable;A630-420H;0;18;
CHSA-3/2;7a Esq fund;2;18;5730;5630;3;23;23; Tag #:  21  of  83;3591777;07/09/2026;Lunes;1;26/08/2026;16:53:39;Robomaster 60;BPACO;;;;N;Facturable;A630-420H;0;23;
CHSA-3/2;7 Esq Fund;2;18;4410;4310;3;18;17; Tag #:  32  of  83;3591798;07/09/2026;Lunes;1;26/08/2026;16:53:20;Robomaster 60;BPACO;;;;N;Facturable;A630-420H;0;18;
CHSA-3/2;7a Esq fund;2;18;5730;5630;3;23;23; Tag #:  33  of  83;3591799;07/09/2026;Lunes;1;26/08/2026;16:53:44;Robomaster 60;BPACO;;;;N;Facturable;A630-420H;0;23;
CHSA-6/2;7 Esq Fund;4;18;4410;4310;3;36;34; Tag #:  32  of  88;3592001;07/09/2026;Lunes;1;26/08/2026;16:55:13;Robomaster 60;BPACO;;;;N;Facturable;A630-420H;0;36;
CHSA-6/2;7a Esq fund;4;18;5730;5630;3;46;45; Tag #:  33  of  88;3592002;07/09/2026;Lunes;1;26/08/2026;16:55:21;Robomaster 60;BPACO;;;;N;Facturable;A630-420H;0;46;
CHSA-6/2;7 Esq fundac;4;18;4410;4310;3;36;34; Tag #:  8  of  88;3591977;07/09/2026;Lunes;1;26/08/2026;16:52:39;Robomaster 60;BPACO;;;;N;Facturable;A630-420H;0;36;
CHSA-6/2;7 Esq fundac;4;18;4410;4310;3;36;34; Tag #:  20  of  88;3591989;07/09/2026;Lunes;1;26/08/2026;16:52:46;Robomaster 60;BPACO;;;;N;Facturable;A630-420H;0;36;
CHSA-6/2;7a Esq fund;4;18;5730;5630;3;46;45; Tag #:  21  of  88;3591990;07/09/2026;Lunes;1;26/08/2026;16:51:59;Robomaster 60;BPACO;;;;N;Facturable;A630-420H;0;46;
CHSA-6/2;7;34;18;4410;4310;3;303;293; Tag #:  1  of  88;3591970;07/09/2026;Lunes;1;26/08/2026;16:52:31;Robomaster 60;BPACO;;;;N;Facturable;A630-420H;0;300;
CHSA-6/2;7a;34;18;5730;5630;3;394;383; Tag #:  2  of  88;3591971;07/09/2026;Lunes;1;26/08/2026;16:52:24;Robomaster 60;BPACO;;;;N;Facturable;A630-420H;0;390;
CHSA-6/2;7a Esq fund;4;18;5730;5630;3;46;45; Tag #:  9  of  88;3591978;07/09/2026;Lunes;1;26/08/2026;16:52:13;Robomaster 60;BPACO;;;;N;Facturable;A630-420H;0;46;
OOCC-14/1;1801;77;18;6350;6250;3;988;963; Tag #:  1  of  7;3599544;08/09/2026;Martes;0;;;;;;;;N;Facturable;A630-420H;0;978;
OOCC-14/1;1801;77;18;6350;6250;3;988;963; Tag #:  2  of  7;3599545;08/09/2026;Martes;0;;;;;;;;N;Facturable;A630-420H;0;978;
OOCC-14/1;1801;77;18;6350;6250;3;988;963; Tag #:  3  of  7;3599546;08/09/2026;Martes;0;;;;;;;;N;Facturable;A630-420H;0;978;
OOCC-14/1;1801;77;18;6350;6250;3;988;963; Tag #:  4  of  7;3599547;08/09/2026;Martes;0;;;;;;;;N;Facturable;A630-420H;0;978;
OOCC-14/1;1801;77;18;6350;6250;3;988;963; Tag #:  5  of  7;3599548;08/09/2026;Martes;0;;;;;;;;N;Facturable;A630-420H;0;978;
OOCC-14/1;1801;77;18;6350;6250;3;988;963; Tag #:  6  of  7;3599549;08/09/2026;Martes;0;;;;;;;;N;Facturable;A630-420H;0;978;
OOCC-14/1;1801;6;18;6350;6250;3;77;75; Tag #:  7  of  7;3599550;08/09/2026;Martes;0;;;;;;;;N;Facturable;A630-420H;0;76;
PR14-24/1;1801;16;18;9000;9000;164;291;288; Tag #:  1  of  64;3590537;08/09/2026;Martes;1;02/09/2026;08:41:04;Carro de Corte;oochoa;;;;N;Facturable;A630-420H;0;288;
PR14-24/1;1802;8;18;4800;4750;2;78;76; Tag #:  2  of  64;3590538;08/09/2026;Martes;1;01/09/2026;16:16:52;Carro de Corte;oochoa;;;;N;Facturable;A630-420H;0;77;
PR14-24/1;1803;8;18;3720;3670;82;60;59; Tag #:  3  of  64;3590539;08/09/2026;Martes;1;02/09/2026;16:38:13;Robomaster 60;BPACO;;;;N;Facturable;A630-420H;0;59;
PR14-24/1;1804;4;18;3700;3700;1;30;30; Tag #:  4  of  64;3590540;08/09/2026;Martes;1;01/09/2026;16:28:44;Carro de Corte;oochoa;;;;N;Facturable;A630-420H;0;30;
PR14-24/1;1805;25;18;1700;1500;30;86;75; Tag #:  5  of  64;3590541;08/09/2026;Martes;1;01/09/2026;16:47:57;Carro de Corte;oochoa;;;;N;Facturable;A630-420H;0;85;
PR14-24/1;1805;25;18;1700;1500;30;86;75; Tag #:  6  of  64;3590542;08/09/2026;Martes;1;01/09/2026;16:48:01;Carro de Corte;oochoa;;;;N;Facturable;A630-420H;0;85;
PR14-24/1;1806;8;18;8370;8370;164;135;134; Tag #:  7  of  64;3590543;08/09/2026;Martes;1;01/09/2026;16:47:22;Carro de Corte;oochoa;;;;N;Facturable;A630-420H;0;134;
PR14-26/1;1811;38;18;3230;3180;2;248;242; Tag #:  10  of  43;3590689;08/09/2026;Martes;0;;;;;;;;N;Facturable;A630-420H;0;246;
PR14-26/1;1812;20;18;9000;9000;164;364;360; Tag #:  11  of  43;3590690;08/09/2026;Martes;0;;;;;;;;N;Facturable;A630-420H;0;360;
PR14-26/1;1813;20;18;8370;8370;164;338;335; Tag #:  12  of  43;3590691;08/09/2026;Martes;0;;;;;;;;N;Facturable;A630-420H;0;335;
PR14-26/1;1814;12;18;5580;5580;1;135;134; Tag #:  13  of  43;3590692;08/09/2026;Martes;0;;;;;;;;N;Facturable;A630-420H;0;134;
PR14-26/1;1819;24;18;3770;3770;79;183;181; Tag #:  18  of  43;3590697;08/09/2026;Martes;0;;;;;;;;N;Facturable;A630-420H;0;181;
PR14-26/1;1820;12;18;5520;5420;3;134;130; Tag #:  19  of  43;3590698;08/09/2026;Martes;0;;;;;;;;N;Facturable;A630-420H;0;133;
PR14-26/1;1821;2;18;2440;2340;3;10;9; Tag #:  20  of  43;3590699;08/09/2026;Martes;0;;;;;;;;N;Facturable;A630-420H;0;10;
PR14-26/1;1822;2;18;2510;2410;3;10;10; Tag #:  21  of  43;3590700;08/09/2026;Martes;0;;;;;;;;N;Facturable;A630-420H;0;10;
PR14-26/1;1827;2;18;2690;2590;3;11;10; Tag #:  26  of  43;3590705;08/09/2026;Martes;0;;;;;;;;N;Facturable;A630-420H;0;11;
PR14-26/1;1828;2;18;2700;2600;3;11;10; Tag #:  27  of  43;3590706;08/09/2026;Martes;0;;;;;;;;N;Facturable;A630-420H;0;11;
PR14-26/1;1829;1;18;2710;2610;3;5;5; Tag #:  28  of  43;3590707;08/09/2026;Martes;0;;;;;;;;N;Facturable;A630-420H;0;5;
PR14-26/1;1830;1;18;4930;4930;1;10;10; Tag #:  29  of  43;3590708;08/09/2026;Martes;0;;;;;;;;N;Facturable;A630-420H;0;10;
PR14-26/1;1810;140;18;3530;3480;2;998;974; Tag #:  8  of  43;3590687;08/09/2026;Martes;1;03/09/2026;15:48:49;Carro de Corte;oochoa;;;;N;Facturable;A630-420H;0;988;
PR14-26/1;1810;116;18;3530;3480;2;827;807; Tag #:  9  of  43;3590688;08/09/2026;Martes;1;03/09/2026;17:11:13;Carro de Corte;oochoa;;;;N;Facturable;A630-420H;0;819;
PR14-26/1;1815;57;18;2250;2150;3;259;245; Tag #:  14  of  43;3590693;08/09/2026;Martes;1;04/09/2026;15:11:32;Dobladoras;TQUISPE;;;;N;Facturable;A630-420H;0;256;
PR14-26/1;1816;39;18;3940;3840;3;310;300; Tag #:  15  of  43;3590694;08/09/2026;Martes;0;;;;;;;;N;Facturable;A630-420H;0;307;
PR14-26/1;1817;2;18;3490;3440;2;14;14; Tag #:  16  of  43;3590695;08/09/2026;Martes;0;;;;;;;;N;Facturable;A630-420H;0;14;
PR14-26/1;1818;24;18;6950;6950;164;337;334; Tag #:  17  of  43;3590696;08/09/2026;Martes;0;;;;;;;;N;Facturable;A630-420H;0;334;
PR14-26/1;1823;2;18;2560;2460;3;10;10; Tag #:  22  of  43;3590701;08/09/2026;Martes;0;;;;;;;;N;Facturable;A630-420H;0;10;
PR14-26/1;1824;2;18;2600;2500;3;10;10; Tag #:  23  of  43;3590702;08/09/2026;Martes;0;;;;;;;;N;Facturable;A630-420H;0;10;
PR14-26/1;1825;2;18;2640;2540;3;11;10; Tag #:  24  of  43;3590703;08/09/2026;Martes;0;;;;;;;;N;Facturable;A630-420H;0;11;
PR14-26/1;1826;2;18;2670;2570;3;11;10; Tag #:  25  of  43;3590704;08/09/2026;Martes;0;;;;;;;;N;Facturable;A630-420H;0;11;
PR14-26/1;1831;1;18;4200;4200;164;8;8; Tag #:  30  of  43;3590709;08/09/2026;Martes;0;;;;;;;;N;Facturable;A630-420H;0;8;
PR14-26/1;1832;24;18;5600;5600;164;271;269; Tag #:  31  of  43;3590710;08/09/2026;Martes;0;;;;;;;;N;Facturable;A630-420H;0;268;
PR14-26/1;1833;15;18;3000;2950;2;91;89; Tag #:  32  of  43;3590711;08/09/2026;Martes;0;;;;;;;;N;Facturable;A630-420H;0;90;
PR14-37/1;18001;24;18;3110;2910;30;151;140; Tag #:  9  of  24;3598754;07/09/2026;Lunes;1;04/09/2026;16:43:50;Dobladoras;TQUISPE;;;;N;Facturable;A630-420H;0;149;
PR14-37/1;18001;24;18;3110;2910;30;151;140; Tag #:  10  of  24;3598755;07/09/2026;Lunes;1;04/09/2026;16:43:47;Dobladoras;TQUISPE;;;;N;Facturable;A630-420H;0;149;
PR14-37/1;18001;24;18;3110;2910;30;151;140; Tag #:  11  of  24;3598756;07/09/2026;Lunes;1;04/09/2026;16:43:42;Dobladoras;TQUISPE;;;;N;Facturable;A630-420H;0;149;
PR14-37/1;18001;9;18;3110;2910;30;57;52; Tag #:  12  of  24;3598757;07/09/2026;Lunes;1;04/09/2026;16:43:38;Dobladoras;TQUISPE;;;;N;Facturable;A630-420H;0;56;
PR14-39/1;18041;24;18;3090;2890;30;150;139; Tag #:  5  of  14;3598796;11/09/2026;Viernes;0;;;;;;;;N;Facturable;A630-420H;0;148;
PR14-39/1;18041;24;18;3090;2890;30;150;139; Tag #:  6  of  14;3598797;11/09/2026;Viernes;0;;;;;;;;N;Facturable;A630-420H;0;148;
PR14-39/1;18041;5;18;3090;2890;30;31;29; Tag #:  7  of  14;3598798;11/09/2026;Viernes;0;;;;;;;;N;Facturable;A630-420H;0;31;
ASR-227/1;11;51;22;6500;6320;7;998;961; Tag #:  13  of  30;3585769;09/09/2026;Miercoles;0;;;;;;;;N;Facturable;A630-420H;0;988;
ASR-227/1;11;51;22;6500;6320;7;998;961; Tag #:  14  of  30;3585770;09/09/2026;Miercoles;0;;;;;;;;N;Facturable;A630-420H;0;988;
ASR-227/1;11;51;22;6500;6320;7;998;961; Tag #:  15  of  30;3585771;09/09/2026;Miercoles;0;;;;;;;;N;Facturable;A630-420H;0;988;
ASR-227/1;11;51;22;6500;6320;7;998;961; Tag #:  16  of  30;3585772;09/09/2026;Miercoles;0;;;;;;;;N;Facturable;A630-420H;0;988;
ASR-227/1;11;51;22;6500;6320;7;998;961; Tag #:  17  of  30;3585773;09/09/2026;Miercoles;0;;;;;;;;N;Facturable;A630-420H;0;988;
ASR-227/1;11;51;22;6500;6320;7;998;961; Tag #:  18  of  30;3585774;09/09/2026;Miercoles;0;;;;;;;;N;Facturable;A630-420H;0;988;
ASR-227/1;11;51;22;6500;6320;7;998;961; Tag #:  19  of  30;3585775;09/09/2026;Miercoles;0;;;;;;;;N;Facturable;A630-420H;0;988;
ASR-227/1;11;51;22;6500;6320;7;998;961; Tag #:  20  of  30;3585776;09/09/2026;Miercoles;0;;;;;;;;N;Facturable;A630-420H;0;988;
ASR-227/1;11;51;22;6500;6320;7;998;961; Tag #:  21  of  30;3585777;09/09/2026;Miercoles;0;;;;;;;;N;Facturable;A630-420H;0;988;
ASR-227/1;11;51;22;6500;6320;7;998;961; Tag #:  22  of  30;3585778;09/09/2026;Miercoles;0;;;;;;;;N;Facturable;A630-420H;0;988;
ASR-227/1;11;51;22;6500;6320;7;998;961; Tag #:  23  of  30;3585779;09/09/2026;Miercoles;0;;;;;;;;N;Facturable;A630-420H;0;988;
ASR-227/1;11;51;22;6500;6320;7;998;961; Tag #:  24  of  30;3585780;09/09/2026;Miercoles;0;;;;;;;;N;Facturable;A630-420H;0;988;
ASR-227/1;11;51;22;6500;6320;7;998;961; Tag #:  25  of  30;3585781;09/09/2026;Miercoles;0;;;;;;;;N;Facturable;A630-420H;0;988;
ASR-227/1;11;51;22;6500;6320;7;998;961; Tag #:  26  of  30;3585782;09/09/2026;Miercoles;0;;;;;;;;N;Facturable;A630-420H;0;988;
ASR-227/1;11;22;22;6500;6320;7;430;414; Tag #:  27  of  30;3585783;09/09/2026;Miercoles;0;;;;;;;;N;Facturable;A630-420H;0;426;
ASR-228/1;11;51;22;6500;6320;7;998;961; Tag #:  13  of  30;3585799;10/09/2026;Jueves;0;;;;;;;;N;Facturable;A630-420H;0;988;
ASR-228/1;11;51;22;6500;6320;7;998;961; Tag #:  14  of  30;3585800;10/09/2026;Jueves;0;;;;;;;;N;Facturable;A630-420H;0;988;
ASR-228/1;11;51;22;6500;6320;7;998;961; Tag #:  15  of  30;3585801;10/09/2026;Jueves;0;;;;;;;;N;Facturable;A630-420H;0;988;
ASR-228/1;11;51;22;6500;6320;7;998;961; Tag #:  16  of  30;3585802;10/09/2026;Jueves;0;;;;;;;;N;Facturable;A630-420H;0;988;
ASR-228/1;11;51;22;6500;6320;7;998;961; Tag #:  17  of  30;3585803;10/09/2026;Jueves;0;;;;;;;;N;Facturable;A630-420H;0;988;
ASR-228/1;11;51;22;6500;6320;7;998;961; Tag #:  18  of  30;3585804;10/09/2026;Jueves;0;;;;;;;;N;Facturable;A630-420H;0;988;
ASR-228/1;11;51;22;6500;6320;7;998;961; Tag #:  19  of  30;3585805;10/09/2026;Jueves;0;;;;;;;;N;Facturable;A630-420H;0;988;
ASR-228/1;11;51;22;6500;6320;7;998;961; Tag #:  20  of  30;3585806;10/09/2026;Jueves;0;;;;;;;;N;Facturable;A630-420H;0;988;
ASR-228/1;11;51;22;6500;6320;7;998;961; Tag #:  21  of  30;3585807;10/09/2026;Jueves;0;;;;;;;;N;Facturable;A630-420H;0;988;
ASR-228/1;11;51;22;6500;6320;7;998;961; Tag #:  22  of  30;3585808;10/09/2026;Jueves;0;;;;;;;;N;Facturable;A630-420H;0;988;
ASR-228/1;11;51;22;6500;6320;7;998;961; Tag #:  23  of  30;3585809;10/09/2026;Jueves;0;;;;;;;;N;Facturable;A630-420H;0;988;
ASR-228/1;11;51;22;6500;6320;7;998;961; Tag #:  24  of  30;3585810;10/09/2026;Jueves;0;;;;;;;;N;Facturable;A630-420H;0;988;
ASR-228/1;11;51;22;6500;6320;7;998;961; Tag #:  25  of  30;3585811;10/09/2026;Jueves;0;;;;;;;;N;Facturable;A630-420H;0;988;
ASR-228/1;11;51;22;6500;6320;7;998;961; Tag #:  26  of  30;3585812;10/09/2026;Jueves;0;;;;;;;;N;Facturable;A630-420H;0;988;
ASR-228/1;11;22;22;6500;6320;7;430;414; Tag #:  27  of  30;3585813;10/09/2026;Jueves;0;;;;;;;;N;Facturable;A630-420H;0;426;
ASR-233/1;T2  b;25;22;8300;8240;2;625;614; Tag #:  11  of  34;3588273;11/09/2026;Viernes;0;;;;;;;;N;Facturable;A630-420H;0;619;
ASR-233/1;T2  c;27;22;12000;12000;1;975;966; Tag #:  12  of  34;3588274;11/09/2026;Viernes;0;;;;;;;;N;Facturable;A630-420H;0;966;
ASR-233/1;T2  c;27;22;12000;12000;1;975;966; Tag #:  13  of  34;3588275;11/09/2026;Viernes;0;;;;;;;;N;Facturable;A630-420H;0;966;
ASR-233/1;T2  c;27;22;12000;12000;1;975;966; Tag #:  14  of  34;3588276;11/09/2026;Viernes;0;;;;;;;;N;Facturable;A630-420H;0;966;
ASR-233/1;T2  c;27;22;12000;12000;1;975;966; Tag #:  15  of  34;3588277;11/09/2026;Viernes;0;;;;;;;;N;Facturable;A630-420H;0;966;
ASR-233/1;T2  c;27;22;12000;12000;1;975;966; Tag #:  16  of  34;3588278;11/09/2026;Viernes;0;;;;;;;;N;Facturable;A630-420H;0;966;
ASR-233/1;T2  c;15;22;12000;12000;1;542;536; Tag #:  17  of  34;3588279;11/09/2026;Viernes;0;;;;;;;;N;Facturable;A630-420H;0;536;
ASR-233/1;T2  d;25;22;11320;11260;2;852;839; Tag #:  18  of  34;3588280;11/09/2026;Viernes;0;;;;;;;;N;Facturable;A630-420H;0;844;
ASR-233/1;T2  e;25;22;7620;7560;2;573;563; Tag #:  19  of  34;3588281;11/09/2026;Viernes;0;;;;;;;;N;Facturable;A630-420H;0;567;
ASR-233/1;T2 a(ALT);25;22;12000;11940;2;903;890; Tag #:  10  of  34;3588272;11/09/2026;Viernes;0;;;;;;;;N;Facturable;A630-420H;0;894;
ASR-233/1;12 VERT;63;22;5250;5190;2;996;974; Tag #:  1  of  34;3588263;11/09/2026;Viernes;0;;;;;;;;N;Facturable;A630-420H;0;986;
ASR-233/1;12 VERT;63;22;5250;5190;2;996;974; Tag #:  2  of  34;3588264;11/09/2026;Viernes;0;;;;;;;;N;Facturable;A630-420H;0;986;
ASR-233/1;12 VERT;63;22;5250;5190;2;996;974; Tag #:  3  of  34;3588265;11/09/2026;Viernes;0;;;;;;;;N;Facturable;A630-420H;0;986;
ASR-233/1;12 VERT;63;22;5250;5190;2;996;974; Tag #:  4  of  34;3588266;11/09/2026;Viernes;0;;;;;;;;N;Facturable;A630-420H;0;986;
ASR-233/1;12 VERT;63;22;5250;5190;2;996;974; Tag #:  5  of  34;3588267;11/09/2026;Viernes;0;;;;;;;;N;Facturable;A630-420H;0;986;
ASR-233/1;12 VERT;55;22;5250;5190;2;869;851; Tag #:  6  of  34;3588268;11/09/2026;Viernes;0;;;;;;;;N;Facturable;A630-420H;0;861;
ASR-236/1;29 VERT;79;22;4200;4140;2;999;975; Tag #:  1  of  7;3588378;11/09/2026;Viernes;0;;;;;;;;N;Facturable;A630-420H;0;989;
ASR-236/1;29 VERT;47;22;4200;4140;2;594;580; Tag #:  2  of  7;3588379;11/09/2026;Viernes;0;;;;;;;;N;Facturable;A630-420H;0;588;
ASR-243/1;T1 (Horiz Ext);27;22;12000;12000;164;975;966; Tag #:  1  of  50;3589616;10/09/2026;Jueves;0;;;;;;;;N;Facturable;A630-420H;0;965;
ASR-243/1;T1 (Horiz Ext);27;22;12000;12000;164;975;966; Tag #:  2  of  50;3589617;10/09/2026;Jueves;0;;;;;;;;N;Facturable;A630-420H;0;965;
ASR-243/1;T1 (Horiz Ext);27;22;12000;12000;164;975;966; Tag #:  3  of  50;3589618;10/09/2026;Jueves;0;;;;;;;;N;Facturable;A630-420H;0;965;
ASR-243/1;T1 (Horiz Ext);27;22;12000;12000;164;975;966; Tag #:  4  of  50;3589619;10/09/2026;Jueves;0;;;;;;;;N;Facturable;A630-420H;0;965;
ASR-243/1;T1 (Horiz Ext);27;22;12000;12000;164;975;966; Tag #:  5  of  50;3589620;10/09/2026;Jueves;0;;;;;;;;N;Facturable;A630-420H;0;965;
ASR-243/1;T1 (Horiz Ext);27;22;12000;12000;164;975;966; Tag #:  6  of  50;3589621;10/09/2026;Jueves;0;;;;;;;;N;Facturable;A630-420H;0;965;
ASR-243/1;T1 (Horiz Ext);27;22;12000;12000;164;975;966; Tag #:  7  of  50;3589622;10/09/2026;Jueves;0;;;;;;;;N;Facturable;A630-420H;0;965;
ASR-243/1;T1 (Horiz Ext);27;22;12000;12000;164;975;966; Tag #:  8  of  50;3589623;10/09/2026;Jueves;0;;;;;;;;N;Facturable;A630-420H;0;965;
ASR-243/1;T1 (Horiz Ext);8;22;12000;12000;164;289;286; Tag #:  9  of  50;3589624;10/09/2026;Jueves;0;;;;;;;;N;Facturable;A630-420H;0;286;
ASR-243/1;T1 a (Horz ext);28;22;6000;6000;164;506;501; Tag #:  10  of  50;3589625;10/09/2026;Jueves;0;;;;;;;;N;Facturable;A630-420H;0;501;
ASR-243/1;T1 (hor Int);27;22;12000;12000;164;975;966; Tag #:  11  of  50;3589626;10/09/2026;Jueves;0;;;;;;;;N;Facturable;A630-420H;0;965;
ASR-243/1;T1 (hor Int);27;22;12000;12000;164;975;966; Tag #:  12  of  50;3589627;10/09/2026;Jueves;0;;;;;;;;N;Facturable;A630-420H;0;965;
ASR-243/1;T1 (hor Int);27;22;12000;12000;164;975;966; Tag #:  13  of  50;3589628;10/09/2026;Jueves;0;;;;;;;;N;Facturable;A630-420H;0;965;
ASR-243/1;T1 (hor Int);27;22;12000;12000;164;975;966; Tag #:  14  of  50;3589629;10/09/2026;Jueves;0;;;;;;;;N;Facturable;A630-420H;0;965;
ASR-243/1;T1 (hor Int);27;22;12000;12000;164;975;966; Tag #:  15  of  50;3589630;10/09/2026;Jueves;0;;;;;;;;N;Facturable;A630-420H;0;965;
ASR-243/1;T1 (hor Int);27;22;12000;12000;164;975;966; Tag #:  16  of  50;3589631;10/09/2026;Jueves;0;;;;;;;;N;Facturable;A630-420H;0;965;
ASR-243/1;T1 (hor Int);27;22;12000;12000;164;975;966; Tag #:  17  of  50;3589632;10/09/2026;Jueves;0;;;;;;;;N;Facturable;A630-420H;0;965;
ASR-243/1;T1 (hor Int);27;22;12000;12000;164;975;966; Tag #:  18  of  50;3589633;10/09/2026;Jueves;0;;;;;;;;N;Facturable;A630-420H;0;965;
ASR-243/1;T1 (hor Int);16;22;12000;12000;164;578;572; Tag #:  19  of  50;3589634;10/09/2026;Jueves;0;;;;;;;;N;Facturable;A630-420H;0;572;
ASR-243/1;T1a (Horz Int);29;22;4300;4300;164;375;372; Tag #:  20  of  50;3589635;10/09/2026;Jueves;0;;;;;;;;N;Facturable;A630-420H;0;371;
ASR-243/1;T1 (CORON;8;22;12000;12000;164;289;286; Tag #:  21  of  50;3589636;10/09/2026;Jueves;0;;;;;;;;N;Facturable;A630-420H;0;286;
ASR-243/1;T1a (CORON;1;22;6000;6000;164;18;18; Tag #:  22  of  50;3589637;10/09/2026;Jueves;0;;;;;;;;N;Facturable;A630-420H;0;18;
ASR-244/1;10;17;22;3210;3090;3;164;157; Tag #:  7  of  19;3589672;10/09/2026;Jueves;0;;;;;;;;N;Facturable;A630-420H;0;162;
ASR-244/1;9;17;22;3210;3090;3;164;157; Tag #:  6  of  19;3589671;10/09/2026;Jueves;0;;;;;;;;N;Facturable;A630-420H;0;162;
ASR-245/1;33 v2 (doblar);2;22;9521;9521;154;57;57; Tag #:  34  of  60;3589718;10/09/2026;Jueves;0;;;;;;;;N;Facturable;A630-420H;0;56;
ASR-245/1;33 v3 (doblar);2;22;9678;9678;154;58;58; Tag #:  35  of  60;3589719;10/09/2026;Jueves;0;;;;;;;;N;Facturable;A630-420H;0;57;
ASR-245/1;33 v4 (doblar);2;22;9992;9992;154;60;60; Tag #:  36  of  60;3589720;10/09/2026;Jueves;0;;;;;;;;N;Facturable;A630-420H;0;59;
ASR-245/1;33 v5 (doblar);2;22;10149;10149;154;61;60; Tag #:  37  of  60;3589721;10/09/2026;Jueves;0;;;;;;;;N;Facturable;A630-420H;0;60;
ASR-245/1;35 (doblar);5;22;8000;7940;2;120;118; Tag #:  42  of  60;3589726;10/09/2026;Jueves;0;;;;;;;;N;Facturable;A630-420H;0;119;
ASR-245/1;36 (doblar);8;22;6800;6800;24;164;162; Tag #:  43  of  60;3589727;10/09/2026;Jueves;0;;;;;;;;N;Facturable;A630-420H;0;162;
ASR-245/1;37 (doblar);15;22;8210;8150;2;371;364; Tag #:  44  of  60;3589728;10/09/2026;Jueves;0;;;;;;;;N;Facturable;A630-420H;0;367;
ASR-245/1;33 v1 (doblar);2;22;9364;9364;154;56;56; Tag #:  33  of  60;3589717;10/09/2026;Jueves;0;;;;;;;;N;Facturable;A630-420H;0;55;
ASR-245/1;33 v6 (doblar);2;22;10306;10306;154;62;61; Tag #:  38  of  60;3589722;10/09/2026;Jueves;0;;;;;;;;N;Facturable;A630-420H;0;61;
ASR-245/1;34 v1 (doblar);1;22;7396;7396;154;22;22; Tag #:  39  of  60;3589723;10/09/2026;Jueves;0;;;;;;;;N;Facturable;A630-420H;0;22;
ASR-245/1;34 v2 (doblar);2;22;8040;8040;154;48;48; Tag #:  40  of  60;3589724;10/09/2026;Jueves;0;;;;;;;;N;Facturable;A630-420H;0;48;
ASR-245/1;34 v3 (doblar);1;22;8680;8680;154;26;26; Tag #:  41  of  60;3589725;10/09/2026;Jueves;0;;;;;;;;N;Facturable;A630-420H;0;26;
ASR-245/1;40;5;22;3330;3330;79;50;50; Tag #:  48  of  60;3589732;10/09/2026;Jueves;0;;;;;;;;N;Facturable;A630-420H;0;50;
ASR-245/1;41;23;22;3200;3200;1;222;219; Tag #:  49  of  60;3589733;10/09/2026;Jueves;0;;;;;;;;N;Facturable;A630-420H;0;220;
OOCC-12/1;2201;67;22;4950;4830;3;998;964; Tag #:  25  of  29;3599081;09/09/2026;Miercoles;0;;;;;;;;N;Facturable;A630-420H;0;988;
OOCC-12/1;2201;67;22;4950;4830;3;998;964; Tag #:  26  of  29;3599082;09/09/2026;Miercoles;0;;;;;;;;N;Facturable;A630-420H;0;988;
OOCC-12/1;2201;67;22;4950;4830;3;998;964; Tag #:  27  of  29;3599083;09/09/2026;Miercoles;0;;;;;;;;N;Facturable;A630-420H;0;988;
OOCC-12/1;2201;67;22;4950;4830;3;998;964; Tag #:  28  of  29;3599084;09/09/2026;Miercoles;0;;;;;;;;N;Facturable;A630-420H;0;988;
OOCC-12/1;2201;20;22;4950;4830;3;298;288; Tag #:  29  of  29;3599085;09/09/2026;Miercoles;0;;;;;;;;N;Facturable;A630-420H;0;295;
PLK-54/1;3 (ARO);16;22;5590;5590;239;269;267; Tag #:  10  of  13;3596505;08/09/2026;Martes;0;;;;;;;;N;Facturable;A630-420H;0;266;
PLK-54/1;4 (IZA);16;22;820;820;20;39;39; Tag #:  11  of  13;3596506;08/09/2026;Martes;0;;;;;;;;N;Facturable;A630-420H;0;39;
PLK-55/1;3 (ARO);32;22;5590;5590;239;538;533; Tag #:  10  of  17;3596518;08/09/2026;Martes;0;;;;;;;;N;Facturable;A630-420H;0;533;
PLK-55/1;4 (IZA);32;22;820;820;20;79;78; Tag #:  11  of  17;3596519;08/09/2026;Martes;0;;;;;;;;N;Facturable;A630-420H;0;78;
PR14-26/1;2201;28;22;9550;9550;164;805;797; Tag #:  33  of  43;3590712;08/09/2026;Martes;1;05/09/2026;15:02:43;Carro de Corte;oochoa;;;;N;Facturable;A630-420H;0;797;
PR14-26/1;2202;28;22;8850;8850;164;746;738; Tag #:  34  of  43;3590713;08/09/2026;Martes;1;05/09/2026;15:37:40;Carro de Corte;oochoa;;;;N;Facturable;A630-420H;0;739;
PR14-37/1;22004;28;22;10400;10400;1;876;868; Tag #:  18  of  24;3598763;07/09/2026;Lunes;0;;;;;;;;N;Facturable;A630-420H;0;867;
PR14-37/1;22005;13;22;9100;9100;1;356;353; Tag #:  19  of  24;3598764;07/09/2026;Lunes;0;;;;;;;;N;Facturable;A630-420H;0;352;
PR14-37/1;22006;1;22;2560;2560;1;8;8; Tag #:  20  of  24;3598765;07/09/2026;Lunes;0;;;;;;;;N;Facturable;A630-420H;0;8;
PR14-37/1;22001;42;22;7900;7900;1;999;989; Tag #:  13  of  24;3598758;07/09/2026;Lunes;0;;;;;;;;N;Facturable;A630-420H;0;989;
PR14-37/1;22001;42;22;7900;7900;1;999;989; Tag #:  14  of  24;3598759;07/09/2026;Lunes;0;;;;;;;;N;Facturable;A630-420H;0;989;
PR14-37/1;22001;8;22;7900;7900;1;190;188; Tag #:  15  of  24;3598760;07/09/2026;Lunes;0;;;;;;;;N;Facturable;A630-420H;0;188;
PR14-37/1;22002;14;22;5500;5500;1;232;229; Tag #:  16  of  24;3598761;07/09/2026;Lunes;0;;;;;;;;N;Facturable;A630-420H;0;230;
PR14-37/1;22003;2;22;3660;3660;1;22;22; Tag #:  17  of  24;3598762;07/09/2026;Lunes;0;;;;;;;;N;Facturable;A630-420H;0;22;
PR14-39/1;22041;46;22;5800;5800;1;803;795; Tag #:  8  of  14;3598799;11/09/2026;Viernes;0;;;;;;;;N;Facturable;A630-420H;0;795;
ASR-227/1;VERT JD;4;25;5450;5310;3;85;82; Tag #:  30  of  30;3585786;09/09/2026;Miercoles;0;;;;;;;;N;Facturable;A630-420H;0;84;
ASR-227/1;T1  a;21;25;12000;11930;2;980;965; Tag #:  1  of  30;3585757;09/09/2026;Miercoles;0;;;;;;;;N;Facturable;A630-420H;0;970;
ASR-227/1;T1  a;3;25;12000;11930;2;140;138; Tag #:  2  of  30;3585758;09/09/2026;Miercoles;0;;;;;;;;N;Facturable;A630-420H;0;139;
ASR-227/1;T1  b;24;25;9800;9730;2;915;899; Tag #:  3  of  30;3585759;09/09/2026;Miercoles;0;;;;;;;;N;Facturable;A630-420H;0;906;
ASR-227/1;T1  d;22;25;11550;11480;2;988;972; Tag #:  4  of  30;3585760;09/09/2026;Miercoles;0;;;;;;;;N;Facturable;A630-420H;0;978;
ASR-227/1;T1  d;2;25;11550;11480;2;90;88; Tag #:  5  of  30;3585761;09/09/2026;Miercoles;0;;;;;;;;N;Facturable;A630-420H;0;89;
ASR-227/1;T1  e;24;25;9350;9280;2;873;857; Tag #:  6  of  30;3585762;09/09/2026;Miercoles;0;;;;;;;;N;Facturable;A630-420H;0;864;
ASR-228/1;T1  d;22;25;11550;11480;2;988;972; Tag #:  4  of  30;3585790;10/09/2026;Jueves;0;;;;;;;;N;Facturable;A630-420H;0;978;
ASR-228/1;T1  d;2;25;11550;11480;2;90;88; Tag #:  5  of  30;3585791;10/09/2026;Jueves;0;;;;;;;;N;Facturable;A630-420H;0;89;
ASR-228/1;t1  e;24;25;9350;9280;2;873;857; Tag #:  6  of  30;3585792;10/09/2026;Jueves;0;;;;;;;;N;Facturable;A630-420H;0;864;
ASR-228/1;Vert JD;4;25;5450;5310;3;85;82; Tag #:  30  of  30;3585816;10/09/2026;Jueves;0;;;;;;;;N;Facturable;A630-420H;0;84;
ASR-228/1;T1  a;21;25;12000;11930;2;980;965; Tag #:  1  of  30;3585787;10/09/2026;Jueves;0;;;;;;;;N;Facturable;A630-420H;0;970;
ASR-228/1;T1  a;3;25;12000;11930;2;140;138; Tag #:  2  of  30;3585788;10/09/2026;Jueves;0;;;;;;;;N;Facturable;A630-420H;0;139;
ASR-228/1;T1  b;24;25;9800;9730;2;915;899; Tag #:  3  of  30;3585789;10/09/2026;Jueves;0;;;;;;;;N;Facturable;A630-420H;0;906;
ASR-236/1;T2  a (ALT);21;25;12000;11930;2;980;965; Tag #:  3  of  7;3588380;11/09/2026;Viernes;0;;;;;;;;N;Facturable;A630-420H;0;970;
ASR-236/1;T2  a (ALT);21;25;12000;11930;2;980;965; Tag #:  4  of  7;3588381;11/09/2026;Viernes;0;;;;;;;;N;Facturable;A630-420H;0;970;
ASR-236/1;T2  a (ALT);6;25;12000;11930;2;280;276; Tag #:  5  of  7;3588382;11/09/2026;Viernes;0;;;;;;;;N;Facturable;A630-420H;0;277;
ASR-236/1;T2  b;28;25;9000;8930;2;980;963; Tag #:  6  of  7;3588383;11/09/2026;Viernes;0;;;;;;;;N;Facturable;A630-420H;0;970;
ASR-236/1;T2  b;20;25;9000;8930;2;700;688; Tag #:  7  of  7;3588384;11/09/2026;Viernes;0;;;;;;;;N;Facturable;A630-420H;0;693;
PR14-24/1;2501;2;25;10800;10660;3;84;82; Tag #:  8  of  64;3590544;08/09/2026;Martes;1;05/09/2026;08:59:15;Dobladoras;TQUISPE;;;;N;Facturable;A630-420H;0;83;
PR14-24/1;2506;4;25;10600;10460;3;165;161; Tag #:  13  of  64;3590549;08/09/2026;Martes;1;05/09/2026;11:23:41;Dobladoras;TQUISPE;;;;N;Facturable;A630-420H;0;163;
PR14-24/1;2507;4;25;10500;10360;3;163;160; Tag #:  14  of  64;3590550;08/09/2026;Martes;1;05/09/2026;11:23:49;Dobladoras;TQUISPE;;;;N;Facturable;A630-420H;0;161;
PR14-24/1;2508;4;25;10400;10260;3;162;158; Tag #:  15  of  64;3590551;08/09/2026;Martes;1;05/09/2026;11:23:56;Dobladoras;TQUISPE;;;;N;Facturable;A630-420H;0;160;
PR14-24/1;2509;4;25;10280;10140;3;160;156; Tag #:  16  of  64;3590552;08/09/2026;Martes;1;05/09/2026;08:57:17;Dobladoras;TQUISPE;;;;N;Facturable;A630-420H;0;158;
PR14-24/1;2514;4;25;9350;9210;3;145;142; Tag #:  21  of  64;3590557;08/09/2026;Martes;1;05/09/2026;15:53:56;Dobladoras;TQUISPE;;;;N;Facturable;A630-420H;0;144;
PR14-24/1;2515;4;25;9070;8930;3;141;138; Tag #:  22  of  64;3590558;08/09/2026;Martes;1;05/09/2026;15:54:57;Dobladoras;TQUISPE;;;;N;Facturable;A630-420H;0;140;
PR14-24/1;2516;4;25;8780;8640;3;137;133; Tag #:  23  of  64;3590559;08/09/2026;Martes;1;05/09/2026;15:54:07;Dobladoras;TQUISPE;;;;N;Facturable;A630-420H;0;136;
PR14-24/1;2517;4;25;8480;8340;3;132;128; Tag #:  24  of  64;3590560;08/09/2026;Martes;1;05/09/2026;15:55:08;Dobladoras;TQUISPE;;;;N;Facturable;A630-420H;0;131;
PR14-24/1;2518;4;25;8140;8000;3;127;123; Tag #:  25  of  64;3590561;08/09/2026;Martes;1;05/09/2026;15:14:21;Dobladoras;TQUISPE;;;;N;Facturable;A630-420H;0;126;
PR14-24/1;2523;2;25;6450;6310;3;50;49; Tag #:  30  of  64;3590566;08/09/2026;Martes;1;05/09/2026;11:24:36;Dobladoras;TQUISPE;;;;N;Facturable;A630-420H;0;50;
PR14-24/1;2524;2;25;6130;5990;3;48;46; Tag #:  31  of  64;3590567;08/09/2026;Martes;1;05/09/2026;14:21:35;Dobladoras;TQUISPE;;;;N;Facturable;A630-420H;0;48;
PR14-24/1;2525;2;25;5610;5470;3;44;42; Tag #:  32  of  64;3590568;08/09/2026;Martes;1;05/09/2026;14:21:26;Dobladoras;TQUISPE;;;;N;Facturable;A630-420H;0;44;
PR14-24/1;2526;2;25;5160;5020;3;40;39; Tag #:  33  of  64;3590569;08/09/2026;Martes;1;05/09/2026;14:21:55;Dobladoras;TQUISPE;;;;N;Facturable;A630-420H;0;40;
PR14-24/1;2531;4;25;12000;11860;3;187;183; Tag #:  38  of  64;3590574;08/09/2026;Martes;1;05/09/2026;11:26:06;Dobladoras;TQUISPE;;;;N;Facturable;A630-420H;0;185;
PR14-24/1;2532;4;25;12000;11860;3;187;183; Tag #:  39  of  64;3590575;08/09/2026;Martes;1;05/09/2026;10:13:34;Carro de Corte;oochoa;;;;N;Facturable;A630-420H;0;185;
PR14-24/1;2533;4;25;11990;11850;3;186;182; Tag #:  40  of  64;3590576;08/09/2026;Martes;1;05/09/2026;11:25:31;Dobladoras;TQUISPE;;;;N;Facturable;A630-420H;0;184;
PR14-24/1;2534;4;25;11960;11820;3;186;182; Tag #:  41  of  64;3590577;08/09/2026;Martes;1;05/09/2026;12:17:19;Dobladoras;TQUISPE;;;;N;Facturable;A630-420H;0;184;
PR14-24/1;2540;4;25;11330;11190;3;176;172; Tag #:  47  of  64;3590583;08/09/2026;Martes;1;05/09/2026;12:18:04;Dobladoras;TQUISPE;;;;N;Facturable;A630-420H;0;174;
PR14-24/1;2541;4;25;11510;11370;3;179;175; Tag #:  48  of  64;3590584;08/09/2026;Martes;1;05/09/2026;12:17:46;Dobladoras;TQUISPE;;;;N;Facturable;A630-420H;0;177;
PR14-24/1;2542;4;25;11460;11320;3;178;174; Tag #:  49  of  64;3590585;08/09/2026;Martes;1;05/09/2026;14:23:06;Dobladoras;TQUISPE;;;;N;Facturable;A630-420H;0;176;
PR14-24/1;2543;4;25;11380;11240;3;177;173; Tag #:  50  of  64;3590586;08/09/2026;Martes;1;05/09/2026;14:22:51;Dobladoras;TQUISPE;;;;N;Facturable;A630-420H;0;175;
PR14-24/1;2548;4;25;8110;7970;3;126;123; Tag #:  55  of  64;3590591;08/09/2026;Martes;1;05/09/2026;15:15:29;Dobladoras;TQUISPE;;;;N;Facturable;A630-420H;0;125;
PR14-24/1;2549;4;25;7750;7610;3;121;117; Tag #:  56  of  64;3590592;08/09/2026;Martes;1;05/09/2026;15:14:09;Dobladoras;TQUISPE;;;;N;Facturable;A630-420H;0;120;
PR14-24/1;2550;4;25;7380;7240;3;115;111; Tag #:  57  of  64;3590593;08/09/2026;Martes;1;05/09/2026;15:15:20;Dobladoras;TQUISPE;;;;N;Facturable;A630-420H;0;114;
PR14-24/1;2551;4;25;7100;6960;3;110;107; Tag #:  58  of  64;3590594;08/09/2026;Martes;1;05/09/2026;14:38:25;Dobladoras;TQUISPE;;;;N;Facturable;A630-420H;0;109;
PR14-24/1;2556;4;25;4740;4600;3;74;71; Tag #:  63  of  64;3590599;08/09/2026;Martes;1;05/09/2026;14:38:14;Dobladoras;TQUISPE;;;;N;Facturable;A630-420H;0;73;
PR14-24/1;2557;4;25;3980;3840;3;62;59; Tag #:  64  of  64;3590600;08/09/2026;Martes;1;05/09/2026;15:15:38;Dobladoras;TQUISPE;;;;N;Facturable;A630-420H;0;61;
PR14-24/1;2502;4;25;10790;10650;3;168;164; Tag #:  9  of  64;3590545;08/09/2026;Martes;1;05/09/2026;08:59:24;Dobladoras;TQUISPE;;;;N;Facturable;A630-420H;0;166;
PR14-24/1;2503;4;25;10770;10630;3;168;164; Tag #:  10  of  64;3590546;08/09/2026;Martes;1;05/09/2026;08:19:47;Carro de Corte;oochoa;;;;N;Facturable;A630-420H;0;166;
PR14-24/1;2504;4;25;10730;10590;3;167;163; Tag #:  11  of  64;3590547;08/09/2026;Martes;1;05/09/2026;08:57:06;Dobladoras;TQUISPE;;;;N;Facturable;A630-420H;0;165;
PR14-24/1;2505;4;25;10670;10530;3;166;162; Tag #:  12  of  64;3590548;08/09/2026;Martes;1;05/09/2026;08:57:40;Dobladoras;TQUISPE;;;;N;Facturable;A630-420H;0;164;
PR14-24/1;2510;4;25;10130;9990;3;158;154; Tag #:  17  of  64;3590553;08/09/2026;Martes;1;05/09/2026;15:54:49;Dobladoras;TQUISPE;;;;N;Facturable;A630-420H;0;156;
PR14-24/1;2511;4;25;9960;9820;3;155;151; Tag #:  18  of  64;3590554;08/09/2026;Martes;1;05/09/2026;15:54:39;Dobladoras;TQUISPE;;;;N;Facturable;A630-420H;0;153;
PR14-24/1;2512;4;25;9750;9610;3;152;148; Tag #:  19  of  64;3590555;08/09/2026;Martes;1;05/09/2026;15:54:28;Dobladoras;TQUISPE;;;;N;Facturable;A630-420H;0;151;
PR14-24/1;2513;4;25;9580;9440;3;149;145; Tag #:  20  of  64;3590556;08/09/2026;Martes;1;05/09/2026;15:54:17;Dobladoras;TQUISPE;;;;N;Facturable;A630-420H;0;148;
PR14-24/1;2519;4;25;7780;7640;3;121;118; Tag #:  26  of  64;3590562;08/09/2026;Martes;1;05/09/2026;12:13:07;Carro de Corte;oochoa;;;;N;Facturable;A630-420H;0;120;
PR14-24/1;2520;2;25;7480;7340;3;58;57; Tag #:  27  of  64;3590563;08/09/2026;Martes;1;05/09/2026;15:15:09;Dobladoras;TQUISPE;;;;N;Facturable;A630-420H;0;57;
PR14-24/1;2521;2;25;7150;7010;3;56;54; Tag #:  28  of  64;3590564;08/09/2026;Martes;1;05/09/2026;15:14:53;Dobladoras;TQUISPE;;;;N;Facturable;A630-420H;0;55;
PR14-24/1;2522;2;25;6790;6650;3;53;51; Tag #:  29  of  64;3590565;08/09/2026;Martes;1;05/09/2026;14:21:43;Dobladoras;TQUISPE;;;;N;Facturable;A630-420H;0;53;
PR14-24/1;2527;2;25;4340;4200;3;34;32; Tag #:  34  of  64;3590570;08/09/2026;Martes;1;05/09/2026;11:24:44;Dobladoras;TQUISPE;;;;N;Facturable;A630-420H;0;34;
PR14-24/1;2528;2;25;2490;2490;1;19;19; Tag #:  35  of  64;3590571;08/09/2026;Martes;1;05/09/2026;14:26:29;Carro de Corte;oochoa;;;;N;Facturable;A630-420H;0;19;
PR14-24/1;2529;24;25;7650;7510;3;714;694; Tag #:  36  of  64;3590572;08/09/2026;Martes;1;05/09/2026;16:34:48;Dobladoras;TQUISPE;;;;N;Facturable;A630-420H;0;707;
PR14-24/1;2530;4;25;12000;11860;3;187;183; Tag #:  37  of  64;3590573;08/09/2026;Martes;1;05/09/2026;11:24:53;Dobladoras;TQUISPE;;;;N;Facturable;A630-420H;0;185;
PR14-24/1;2535;4;25;11920;11780;3;185;181; Tag #:  42  of  64;3590578;08/09/2026;Martes;1;05/09/2026;12:17:28;Dobladoras;TQUISPE;;;;N;Facturable;A630-420H;0;183;
PR14-24/1;2536;4;25;11880;11740;3;185;181; Tag #:  43  of  64;3590579;08/09/2026;Martes;1;05/09/2026;12:17:08;Dobladoras;TQUISPE;;;;N;Facturable;A630-420H;0;183;
PR14-24/1;2537;4;25;11830;11690;3;184;180; Tag #:  44  of  64;3590580;08/09/2026;Martes;1;05/09/2026;12:17:37;Dobladoras;TQUISPE;;;;N;Facturable;A630-420H;0;182;
PR14-24/1;2538;4;25;11760;11620;3;183;179; Tag #:  45  of  64;3590581;08/09/2026;Martes;1;05/09/2026;12:17:56;Dobladoras;TQUISPE;;;;N;Facturable;A630-420H;0;181;
PR14-24/1;2539;12;25;11350;11210;3;530;518; Tag #:  46  of  64;3590582;08/09/2026;Martes;1;05/09/2026;11:25:41;Dobladoras;TQUISPE;;;;N;Facturable;A630-420H;0;525;
PR14-24/1;2544;4;25;11210;11070;3;174;170; Tag #:  51  of  64;3590587;08/09/2026;Martes;1;05/09/2026;14:22:39;Dobladoras;TQUISPE;;;;N;Facturable;A630-420H;0;172;
PR14-24/1;2545;4;25;11140;11000;3;173;169; Tag #:  52  of  64;3590588;08/09/2026;Martes;1;05/09/2026;14:22:02;Dobladoras;TQUISPE;;;;N;Facturable;A630-420H;0;171;
PR14-24/1;2546;4;25;11020;10880;3;171;168; Tag #:  53  of  64;3590589;08/09/2026;Martes;1;05/09/2026;08:57:52;Dobladoras;TQUISPE;;;;N;Facturable;A630-420H;0;169;
PR14-24/1;2547;4;25;10870;10730;3;169;165; Tag #:  54  of  64;3590590;08/09/2026;Martes;1;05/09/2026;11:24:26;Dobladoras;TQUISPE;;;;N;Facturable;A630-420H;0;167;
PR14-24/1;2552;4;25;6760;6620;3;105;102; Tag #:  59  of  64;3590595;08/09/2026;Martes;1;05/09/2026;14:21:00;Dobladoras;TQUISPE;;;;N;Facturable;A630-420H;0;104;
PR14-24/1;2553;4;25;6240;6100;3;97;94; Tag #:  60  of  64;3590596;08/09/2026;Martes;1;05/09/2026;14:38:34;Dobladoras;TQUISPE;;;;N;Facturable;A630-420H;0;96;
PR14-24/1;2554;4;25;5890;5750;3;92;89; Tag #:  61  of  64;3590597;08/09/2026;Martes;1;05/09/2026;14:38:44;Dobladoras;TQUISPE;;;;N;Facturable;A630-420H;0;91;
PR14-24/1;2555;4;25;5220;5080;3;81;78; Tag #:  62  of  64;3590598;08/09/2026;Martes;1;05/09/2026;14:21:16;Dobladoras;TQUISPE;;;;N;Facturable;A630-420H;0;80;
PR14-26/1;2507;64;25;3850;3710;3;958;914; Tag #:  4  of  43;3590683;08/09/2026;Martes;1;02/09/2026;08:33:05;Carro de Corte;oochoa;;;;N;Facturable;A630-420H;0;948;
PR14-26/1;2505;4;25;9660;9660;164;150;149; Tag #:  42  of  43;3590721;08/09/2026;Martes;1;04/09/2026;14:45:18;Carro de Corte;oochoa;;;;N;Facturable;A630-420H;0;149;
PR14-26/1;2506;4;25;9380;9380;164;146;144; Tag #:  43  of  43;3590722;08/09/2026;Martes;1;04/09/2026;14:44:54;Carro de Corte;oochoa;;;;N;Facturable;A630-420H;0;145;
PR14-26/1;2501;72;25;3540;3470;2;991;962; Tag #:  35  of  43;3590714;08/09/2026;Martes;1;02/09/2026;12:25:26;Carro de Corte;oochoa;;;;N;Facturable;A630-420H;0;981;
PR14-26/1;2501;72;25;3540;3470;2;991;962; Tag #:  36  of  43;3590715;08/09/2026;Martes;1;02/09/2026;12:25:22;Carro de Corte;oochoa;;;;N;Facturable;A630-420H;0;981;
PR14-26/1;2501;72;25;3540;3470;2;991;962; Tag #:  37  of  43;3590716;08/09/2026;Martes;1;03/09/2026;04:36:08;Robomaster 60;OmRamirez;;;;N;Facturable;A630-420H;0;981;
PR14-26/1;2501;68;25;3540;3470;2;936;908; Tag #:  38  of  43;3590717;08/09/2026;Martes;1;02/09/2026;15:48:45;Carro de Corte;oochoa;;;;N;Facturable;A630-420H;0;927;
PR14-26/1;2502;78;25;2250;2110;3;682;634; Tag #:  39  of  43;3590718;08/09/2026;Martes;1;05/09/2026;14:18:38;Carro de Corte;oochoa;;;;N;Facturable;A630-420H;0;675;
PR14-26/1;2503;4;25;9780;9780;164;152;151; Tag #:  40  of  43;3590719;08/09/2026;Martes;1;04/09/2026;14:45:32;Carro de Corte;oochoa;;;;N;Facturable;A630-420H;0;151;
PR14-26/1;2504;4;25;9130;9130;164;142;141; Tag #:  41  of  43;3590720;08/09/2026;Martes;1;04/09/2026;14:45:28;Carro de Corte;oochoa;;;;N;Facturable;A630-420H;0;141;
PLK-54/1;2 (CAB);29;28;6850;6850;1;969;959; Tag #:  2  of  13;3596497;08/09/2026;Martes;0;;;;;;;;N;Facturable;A630-420H;0;959;
PLK-54/1;2 (CAB);29;28;6850;6850;1;969;959; Tag #:  3  of  13;3596498;08/09/2026;Martes;0;;;;;;;;N;Facturable;A630-420H;0;959;
PLK-54/1;2 (CAB);29;28;6850;6850;1;969;959; Tag #:  4  of  13;3596499;08/09/2026;Martes;0;;;;;;;;N;Facturable;A630-420H;0;959;
PLK-54/1;2 (CAB);29;28;6850;6850;1;969;959; Tag #:  5  of  13;3596500;08/09/2026;Martes;0;;;;;;;;N;Facturable;A630-420H;0;959;
PLK-54/1;2 (CAB);4;28;6850;6850;1;134;132; Tag #:  6  of  13;3596501;08/09/2026;Martes;0;;;;;;;;N;Facturable;A630-420H;0;132;
PLK-54/1;2 (CAB 2);27;28;7350;7260;2;968;947; Tag #:  7  of  13;3596502;08/09/2026;Martes;0;;;;;;;;N;Facturable;A630-420H;0;959;
PLK-54/1;2 (CAB 2);27;28;7350;7260;2;968;947; Tag #:  8  of  13;3596503;08/09/2026;Martes;0;;;;;;;;N;Facturable;A630-420H;0;959;
PLK-54/1;2 (CAB 2);2;28;7350;7260;2;72;70; Tag #:  9  of  13;3596504;08/09/2026;Martes;0;;;;;;;;N;Facturable;A630-420H;0;71;
PLK-55/1;2 (CAB 1);38;28;5350;5350;1;992;982; Tag #:  3  of  17;3596511;08/09/2026;Martes;0;;;;;;;;N;Facturable;A630-420H;0;982;
PLK-55/1;2 (CAB 1);38;28;5350;5350;1;992;982; Tag #:  4  of  17;3596512;08/09/2026;Martes;0;;;;;;;;N;Facturable;A630-420H;0;982;
PLK-55/1;2 (CAB 1);38;28;5350;5350;1;992;982; Tag #:  5  of  17;3596513;08/09/2026;Martes;0;;;;;;;;N;Facturable;A630-420H;0;982;
PLK-55/1;2 (CAB 1);38;28;5350;5350;1;992;982; Tag #:  6  of  17;3596514;08/09/2026;Martes;0;;;;;;;;N;Facturable;A630-420H;0;982;
PLK-55/1;2 (CAB 1);38;28;5350;5350;1;992;982; Tag #:  7  of  17;3596515;08/09/2026;Martes;0;;;;;;;;N;Facturable;A630-420H;0;982;
PLK-55/1;2 (CAB 1);38;28;5350;5350;1;992;982; Tag #:  8  of  17;3596516;08/09/2026;Martes;0;;;;;;;;N;Facturable;A630-420H;0;982;
PLK-55/1;2 (CAB 1);12;28;5350;5350;1;313;310; Tag #:  9  of  17;3596517;08/09/2026;Martes;0;;;;;;;;N;Facturable;A630-420H;0;310;
PLK-55/1;2 (CAB 2);35;28;5850;5760;2;999;974; Tag #:  14  of  17;3596522;08/09/2026;Martes;0;;;;;;;;N;Facturable;A630-420H;0;989;
PLK-55/1;2 (CAB 2);35;28;5850;5760;2;999;974; Tag #:  15  of  17;3596523;08/09/2026;Martes;0;;;;;;;;N;Facturable;A630-420H;0;989;
PLK-55/1;2 (CAB 2);35;28;5850;5760;2;999;974; Tag #:  16  of  17;3596524;08/09/2026;Martes;0;;;;;;;;N;Facturable;A630-420H;0;989;
PLK-55/1;2 (CAB 2);7;28;5850;5760;2;200;195; Tag #:  17  of  17;3596525;08/09/2026;Martes;0;;;;;;;;N;Facturable;A630-420H;0;198;
PR14-37/1;28002;13;28;9100;9100;1;577;571; Tag #:  23  of  24;3598768;07/09/2026;Lunes;0;;;;;;;;N;Facturable;A630-420H;0;571;
PR14-37/1;28003;1;28;2920;2920;1;14;14; Tag #:  24  of  24;3598769;07/09/2026;Lunes;0;;;;;;;;N;Facturable;A630-420H;0;14;
PR14-37/1;28001;19;28;10400;10400;1;964;954; Tag #:  21  of  24;3598766;07/09/2026;Lunes;0;;;;;;;;N;Facturable;A630-420H;0;955;
PR14-37/1;28001;9;28;10400;10400;1;457;452; Tag #:  22  of  24;3598767;07/09/2026;Lunes;0;;;;;;;;N;Facturable;A630-420H;0;452;
PR14-39/1;28041;35;28;5800;5800;1;991;980; Tag #:  9  of  14;3598800;11/09/2026;Viernes;0;;;;;;;;N;Facturable;A630-420H;0;981;
PR14-39/1;28041;11;28;5800;5800;1;311;308; Tag #:  10  of  14;3598801;11/09/2026;Viernes;0;;;;;;;;N;Facturable;A630-420H;0;308;
PR14-39/1;28042;23;28;8900;8900;1;999;989; Tag #:  11  of  14;3598802;11/09/2026;Viernes;0;;;;;;;;N;Facturable;A630-420H;0;989;
PR14-39/1;28042;7;28;8900;8900;1;304;301; Tag #:  12  of  14;3598803;11/09/2026;Viernes;0;;;;;;;;N;Facturable;A630-420H;0;301;
PR14-39/1;32041;17;32;8900;8900;1;964;955; Tag #:  13  of  14;3598804;11/09/2026;Viernes;0;;;;;;;;N;Facturable;A630-420H;0;955;
PR14-39/1;32041;13;32;8900;8900;1;738;730; Tag #:  14  of  14;3598805;11/09/2026;Viernes;0;;;;;;;;N;Facturable;A630-420H;0;730;
PR14-41/1;32211;24;32;4950;4850;2;757;734; Tag #:  56  of  56;3598877;07/09/2026;Lunes;0;;;;;;;;N;Facturable;A630-420H;0;749;
PR14-43/1;32241;14;32;5140;5040;2;459;445; Tag #:  19  of  20;3598916;11/09/2026;Viernes;0;;;;;;;;N;Facturable;A630-420H;0;454;
PR14-43/1;32241;14;32;5140;5040;2;459;445; Tag #:  9  of  20;3598906;11/09/2026;Viernes;0;;;;;;;;N;Facturable;A630-420H;0;454;
PR14-41/1;36201;24;36;5020;4910;2;972;942; Tag #:  11  of  56;3598832;07/09/2026;Lunes;0;;;;;;;;N;Facturable;A630-420H;0;962;
PR14-41/1;36201;12;36;5020;4910;2;486;471; Tag #:  12  of  56;3598833;07/09/2026;Lunes;0;;;;;;;;N;Facturable;A630-420H;0;481;
PR14-41/1;36201;24;36;5020;4910;2;972;942; Tag #:  23  of  56;3598844;07/09/2026;Lunes;0;;;;;;;;N;Facturable;A630-420H;0;962;
PR14-41/1;36201;12;36;5020;4910;2;486;471; Tag #:  24  of  56;3598845;07/09/2026;Lunes;0;;;;;;;;N;Facturable;A630-420H;0;481;
PR14-41/1;36201;24;36;5020;4910;2;972;942; Tag #:  47  of  56;3598868;07/09/2026;Lunes;0;;;;;;;;N;Facturable;A630-420H;0;962;
PR14-41/1;36201;12;36;5020;4910;2;486;471; Tag #:  48  of  56;3598869;07/09/2026;Lunes;0;;;;;;;;N;Facturable;A630-420H;0;481;
PR14-41/1;36201;24;36;5020;4910;2;972;942; Tag #:  35  of  56;3598856;07/09/2026;Lunes;0;;;;;;;;N;Facturable;A630-420H;0;962;
PR14-41/1;36201;12;36;5020;4910;2;486;471; Tag #:  36  of  56;3598857;07/09/2026;Lunes;0;;;;;;;;N;Facturable;A630-420H;0;481;
PR14-43/1;36241;18;36;5210;5100;2;757;733; Tag #:  20  of  20;3598917;11/09/2026;Viernes;0;;;;;;;;N;Facturable;A630-420H;0;749;
PR14-43/1;36241;18;36;5210;5100;2;757;733; Tag #:  10  of  20;3598907;11/09/2026;Viernes;0;;;;;;;;N;Facturable;A630-420H;0;749;
